,Unnamed,HomeTeam,Score,AwayTeam,Date,Ground
0,1,England,12 - 19,France,08 Oct 2011,"Eden Park Auckland, New Zealand"
1,2,England,17 - 9,France,26 Feb 2011,"Twickenham London, England"
2,3,England,34 - 10,France,15 Mar 2009,"Twickenham London, England"
3,4,England,14 - 9,France,13 Oct 2007,"Stade de France Paris, France"
4,5,England,15 - 21,France,11 Aug 2007,"Twickenham London, England"
5,6,England,26 - 18,France,11 Mar 2007,"Twickenham London, England"
6,7,England,17 - 18,France,13 Feb 2005,"Twickenham London, England"
7,8,England,24 - 7,France,16 Nov 2003,"Stadium Australia Sydney, Australia"
8,9,England,45 - 14,France,06 Sep 2003,"Twickenham London, England"
9,10,England,25 - 17,France,15 Feb 2003,"Twickenham London, England"
10,11,England,48 - 19,France,07 Apr 2001,"Twickenham London, England"
11,12,England,21 - 10,France,20 Mar 1999,"Twickenham London, England"
12,13,England,20 - 23,France,01 Mar 1997,"Twickenham London, England"
13,14,England,9 - 19,France,22 Jun 1995,"Loftus Pretoria, South Africa"
14,15,England,31 - 10,France,04 Feb 1995,"Twickenham London, England"
15,16,England,16 - 15,France,16 Jan 1993,"Twickenham London, England"
16,17,England,21 - 19,France,16 Mar 1991,"Twickenham London, England"
17,18,England,11 - 0,France,04 Mar 1989,"Twickenham London, England"
18,19,England,15 - 19,France,21 Feb 1987,"Twickenham London, England"
19,20,England,9 - 9,France,02 Feb 1985,"Twickenham London, England"
20,21,England,15 - 19,France,15 Jan 1983,"Twickenham London, England"
21,22,England,12 - 16,France,21 Mar 1981,"Twickenham London, England"
22,23,England,7 - 6,France,03 Mar 1979,"Twickenham London, England"
23,24,England,3 - 4,France,19 Feb 1977,"Twickenham London, England"
24,25,England,20 - 27,France,01 Feb 1975,"Twickenham London, England"
25,26,England,14 - 6,France,24 Feb 1973,"Twickenham London, England"
26,27,England,14 - 14,France,27 Feb 1971,"Twickenham London, England"
27,28,England,22 - 8,France,22 Feb 1969,"Twickenham London, England"
28,29,England,12 - 16,France,25 Feb 1967,"Twickenham London, England"
29,30,England,9 - 6,France,27 Feb 1965,"Twickenham London, England"
30,31,England,6 - 5,France,23 Feb 1963,"Twickenham London, England"
31,32,England,5 - 5,France,25 Feb 1961,"Twickenham London, England"
32,33,England,3 - 3,France,28 Feb 1959,"Twickenham London, England"
33,34,England,9 - 5,France,23 Feb 1957,"Twickenham London, England"
34,35,England,9 - 16,France,26 Feb 1955,"Twickenham London, England"
35,36,England,11 - 0,France,28 Feb 1953,"Twickenham London, England"
36,37,England,3 - 11,France,24 Feb 1951,"Twickenham London, England"
37,38,England,8 - 3,France,26 Feb 1949,"Twickenham London, England"
38,39,England,6 - 3,France,19 Apr 1947,"Twickenham London, England"
39,40,England,11 - 5,France,22 Feb 1930,"Twickenham London, England"
40,41,England,18 - 8,France,25 Feb 1928,"Twickenham London, England"
41,42,England,11 - 0,France,27 Feb 1926,"Twickenham London, England"
42,43,England,19 - 7,France,23 Feb 1924,"Twickenham London, England"
43,44,England,11 - 11,France,25 Feb 1922,"Twickenham London, England"
44,45,England,8 - 3,France,31 Jan 1920,"Twickenham London, England"
45,46,England,20 - 0,France,25 Jan 1913,"Twickenham London, England"
46,47,England,37 - 0,France,28 Jan 1911,"Twickenham London, England"
47,48,England,22 - 0,France,30 Jan 1909,"Welford Road Leicester, England"
48,49,England,41 - 13,France,05 Jan 1907,"Athletic Ground Richmond, England"
49,50,England,55 - 35,France,21 Mar 2015,
50,51,England,19 - 14,France,15 Aug 2015,
51,52,England,19 - 16,France,04 Feb 2017,
52,53,France,26 - 24,England,01 Feb 2014,"Stade de France Paris, France"
53,54,France,22 - 24,England,11 Mar 2012,"Stade de France Paris, France"
54,55,France,12 - 10,England,20 Mar 2010,"Stade de France Paris, France"
55,56,France,13 - 24,England,23 Feb 2008,"Stade de France Paris, France"
56,57,France,22 - 9,England,18 Aug 2007,"Stade de France Paris, France"
57,58,France,31 - 6,England,12 Mar 2006,"Stade de France Paris, France"
58,59,France,24 - 21,England,27 Mar 2004,"Stade de France Paris, France"
59,60,France,17 - 16,England,30 Aug 2003,"Marseille Marseille, France"
60,61,France,20 - 15,England,02 Mar 2002,"Stade de France Paris, France"
61,62,France,9 - 15,England,19 Feb 2000,"Stade de France Paris, France"
62,63,France,24 - 17,England,07 Feb 1998,"Stade de France Paris, France"
63,64,France,15 - 12,England,20 Jan 1996,"Parc des Princes Paris, France"
64,65,France,14 - 18,England,05 Mar 1994,"Parc des Princes Paris, France"
65,66,France,13 - 31,England,15 Feb 1992,"Parc des Princes Paris, France"
66,67,France,10 - 19,England,19 Oct 1991,"Parc des Princes Paris, France"
67,68,France,7 - 26,England,03 Feb 1990,"Parc des Princes Paris, France"
68,69,France,10 - 9,England,16 Jan 1988,"Parc des Princes Paris, France"
69,70,France,29 - 10,England,15 Mar 1986,"Parc des Princes Paris, France"
70,71,France,32 - 18,England,03 Mar 1984,"Parc des Princes Paris, France"
71,72,France,15 - 27,England,20 Feb 1982,"Parc des Princes Paris, France"
72,73,France,13 - 17,England,02 Feb 1980,"Parc des Princes Paris, France"
73,74,France,15 - 6,England,21 Jan 1978,"Parc des Princes Paris, France"
74,75,France,30 - 9,England,20 Mar 1976,"Parc des Princes Paris, France"
75,76,France,12 - 12,England,02 Mar 1974,"Parc des Princes Paris, France"
76,77,France,37 - 12,England,26 Feb 1972,"Stade Colombes Paris, France"
77,78,France,35 - 13,England,18 Apr 1970,"Stade Colombes Paris, France"
78,79,France,14 - 9,England,24 Feb 1968,"Stade Colombes Paris, France"
79,80,France,13 - 0,England,26 Feb 1966,"Stade Colombes Paris, France"
80,81,France,3 - 6,England,22 Feb 1964,"Stade Colombes Paris, France"
81,82,France,13 - 0,England,24 Feb 1962,"Stade Colombes Paris, France"
82,83,France,3 - 3,England,27 Feb 1960,"Stade Colombes Paris, France"
83,84,France,0 - 14,England,01 Mar 1958,"Stade Colombes Paris, France"
84,85,France,14 - 9,England,14 Apr 1956,"Stade Colombes Paris, France"
85,86,France,11 - 3,England,10 Apr 1954,"Stade Colombes Paris, France"
86,87,France,3 - 6,England,05 Apr 1952,"Stade Colombes Paris, France"
87,88,France,6 - 3,England,25 Feb 1950,"Stade Colombes Paris, France"
88,89,France,15 - 0,England,29 Mar 1948,"Stade Colombes Paris, France"
89,90,France,14 - 13,England,06 Apr 1931,"Stade Colombes Paris, France"
90,91,France,6 - 16,England,01 Apr 1929,"Stade Colombes Paris, France"
91,92,France,3 - 0,England,02 Apr 1927,"Stade Colombes Paris, France"
92,93,France,11 - 13,England,13 Apr 1925,"Stade Colombes Paris, France"
93,94,France,3 - 12,England,02 Apr 1923,"Stade Colombes Paris, France"
94,95,France,6 - 10,England,28 Mar 1921,"Stade Colombes Paris, France"
95,96,France,13 - 39,England,13 Apr 1914,"Stade Colombes Paris, France"
96,97,France,8 - 18,England,08 Apr 1912,"Parc des Princes Paris, France"
97,98,France,3 - 11,England,03 Mar 1910,"Parc des Princes Paris, France"
98,99,France,0 - 19,England,01 Jan 1908,"Stade Colombes Paris, France"
99,100,France,8 - 35,England,22 Mar 1906,"Parc des Princes Paris, France"
100,101,France,25 - 20,England,22 Aug 2015,
101,102,France,22 - 16,England,10 Mar 2018,
102,103,France,21 - 31,England,19 Mar 2016,
103,1,England,30 - 9,Ireland,17 Mar 2012,"Twickenham London, England"
104,2,England,16 - 20,Ireland,27 Feb 2010,"Twickenham London, England"
105,3,England,33 - 10,Ireland,15 Mar 2008,"Twickenham London, England"
106,4,England,24 - 28,Ireland,18 Mar 2006,"Twickenham London, England"
107,5,England,13 - 19,Ireland,06 Mar 2004,"Twickenham London, England"
108,6,England,45 - 11,Ireland,16 Feb 2002,"Twickenham London, England"
109,7,England,50 - 18,Ireland,05 Feb 2000,"Twickenham London, England"
110,8,England,35 - 17,Ireland,04 Apr 1998,"Twickenham London, England"
111,9,England,28 - 15,Ireland,16 Mar 1996,"Twickenham London, England"
112,10,England,12 - 13,Ireland,19 Feb 1994,"Twickenham London, England"
113,11,England,38 - 9,Ireland,01 Feb 1992,"Twickenham London, England"
114,12,England,23 - 0,Ireland,20 Jan 1990,"Twickenham London, England"
115,13,England,35 - 3,Ireland,19 Mar 1988,"Twickenham London, England"
116,14,England,25 - 20,Ireland,01 Mar 1986,"Twickenham London, England"
117,15,England,12 - 9,Ireland,18 Feb 1984,"Twickenham London, England"
118,16,England,15 - 16,Ireland,06 Feb 1982,"Twickenham London, England"
119,17,England,24 - 9,Ireland,19 Jan 1980,"Twickenham London, England"
120,18,England,15 - 9,Ireland,18 Mar 1978,"Twickenham London, England"
121,19,England,12 - 13,Ireland,06 Mar 1976,"Twickenham London, England"
122,20,England,21 - 26,Ireland,16 Feb 1974,"Twickenham London, England"
123,21,England,12 - 16,Ireland,12 Feb 1972,"Twickenham London, England"
124,22,England,9 - 3,Ireland,14 Feb 1970,"Twickenham London, England"
125,23,England,9 - 9,Ireland,10 Feb 1968,"Twickenham London, England"
126,24,England,6 - 6,Ireland,12 Feb 1966,"Twickenham London, England"
127,25,England,5 - 18,Ireland,08 Feb 1964,"Twickenham London, England"
128,26,England,16 - 0,Ireland,10 Feb 1962,"Twickenham London, England"
129,27,England,8 - 5,Ireland,13 Feb 1960,"Twickenham London, England"
130,28,England,6 - 0,Ireland,08 Feb 1958,"Twickenham London, England"
131,29,England,20 - 0,Ireland,11 Feb 1956,"Twickenham London, England"
132,30,England,14 - 3,Ireland,13 Feb 1954,"Twickenham London, England"
133,31,England,3 - 0,Ireland,29 Mar 1952,"Twickenham London, England"
134,32,England,3 - 0,Ireland,11 Feb 1950,"Twickenham London, England"
135,33,England,10 - 11,Ireland,14 Feb 1948,"Twickenham London, England"
136,34,England,0 - 5,Ireland,11 Feb 1939,"Twickenham London, England"
137,35,England,9 - 8,Ireland,13 Feb 1937,"Twickenham London, England"
138,36,England,14 - 3,Ireland,09 Feb 1935,"Twickenham London, England"
139,37,England,17 - 6,Ireland,11 Feb 1933,"Twickenham London, England"
140,38,England,5 - 6,Ireland,14 Feb 1931,"Twickenham London, England"
141,39,England,5 - 6,Ireland,09 Feb 1929,"Twickenham London, England"
142,40,England,8 - 6,Ireland,12 Feb 1927,"Twickenham London, England"
143,41,England,6 - 6,Ireland,14 Feb 1925,"Twickenham London, England"
144,42,England,23 - 5,Ireland,10 Feb 1923,"Welford Road Leicester, England"
145,43,England,15 - 0,Ireland,12 Feb 1921,"Twickenham London, England"
146,44,England,17 - 12,Ireland,14 Feb 1914,"Twickenham London, England"
147,45,England,15 - 0,Ireland,10 Feb 1912,"Twickenham London, England"
148,46,England,0 - 0,Ireland,12 Feb 1910,"Twickenham London, England"
149,47,England,13 - 3,Ireland,08 Feb 1908,"Athletic Ground Richmond, England"
150,48,England,6 - 16,Ireland,10 Feb 1906,"Welford Road Leicester, England"
151,49,England,19 - 0,Ireland,13 Feb 1904,"Rectory Field Blackheath, England"
152,50,England,6 - 3,Ireland,08 Feb 1902,"Welford Road Leicester, England"
153,51,England,15 - 4,Ireland,03 Feb 1900,"Athletic Ground Richmond, England"
154,52,England,6 - 9,Ireland,05 Feb 1898,"Athletic Ground Richmond, England"
155,53,England,4 - 10,Ireland,01 Feb 1896,"Meanwood Road Leeds, England"
156,54,England,5 - 7,Ireland,03 Feb 1894,"Rectory Field Blackheath, England"
157,55,England,7 - 0,Ireland,06 Feb 1892,"Whalley Range Manchester, England"
158,56,England,3 - 0,Ireland,15 Mar 1890,"Rectory Field Blackheath, England"
159,57,England,2 - 1,Ireland,07 Feb 1885,"Whalley Range Manchester, England"
160,58,England,6 - 1,Ireland,05 Feb 1883,"Whalley Range Manchester, England"
161,59,England,8 - 0,Ireland,05 Feb 1881,"Whalley Range Manchester, England"
162,60,England,11 - 0,Ireland,24 Mar 1879,"The Oval London, England"
163,61,England,8 - 0,Ireland,05 Feb 1877,"The Oval London, England"
164,62,England,7 - 0,Ireland,15 Feb 1875,"The Oval London, England"
165,63,England,21 - 13,Ireland,05 Sep 2015,
166,64,England,21 - 10,Ireland,27 Feb 2016,
167,65,England,15 - 24,Ireland,17 Mar 2018,
168,66,Ireland,6 - 12,England,10 Feb 2013,"Aviva Stadium Dublin, Ireland"
169,67,Ireland,9 - 20,England,27 Aug 2011,"Lansdowne Road Dublin, Ireland"
170,68,Ireland,24 - 8,England,19 Mar 2011,"Lansdowne Road Dublin, Ireland"
171,69,Ireland,14 - 13,England,28 Feb 2009,"Croke Park Dublin, Ireland"
172,70,Ireland,43 - 13,England,24 Feb 2007,"Croke Park Dublin, Ireland"
173,71,Ireland,19 - 13,England,27 Feb 2005,"Lansdowne Road Dublin, Ireland"
174,72,Ireland,6 - 42,England,30 Mar 2003,"Lansdowne Road Dublin, Ireland"
175,73,Ireland,20 - 14,England,20 Oct 2001,"Lansdowne Road Dublin, Ireland"
176,74,Ireland,15 - 27,England,06 Mar 1999,"Lansdowne Road Dublin, Ireland"
177,75,Ireland,6 - 46,England,15 Feb 1997,"Lansdowne Road Dublin, Ireland"
178,76,Ireland,8 - 20,England,21 Jan 1995,"Lansdowne Road Dublin, Ireland"
179,77,Ireland,17 - 3,England,20 Mar 1993,"Lansdowne Road Dublin, Ireland"
180,78,Ireland,7 - 16,England,02 Mar 1991,"Lansdowne Road Dublin, Ireland"
181,79,Ireland,3 - 16,England,18 Feb 1989,"Lansdowne Road Dublin, Ireland"
182,80,Ireland,10 - 21,England,23 Apr 1988,"Lansdowne Road Dublin, Ireland"
183,81,Ireland,17 - 0,England,07 Feb 1987,"Lansdowne Road Dublin, Ireland"
184,82,Ireland,13 - 10,England,30 Mar 1985,"Lansdowne Road Dublin, Ireland"
185,83,Ireland,25 - 15,England,19 Mar 1983,"Lansdowne Road Dublin, Ireland"
186,84,Ireland,6 - 10,England,07 Mar 1981,"Lansdowne Road Dublin, Ireland"
187,85,Ireland,12 - 7,England,17 Feb 1979,"Lansdowne Road Dublin, Ireland"
188,86,Ireland,0 - 4,England,05 Feb 1977,"Lansdowne Road Dublin, Ireland"
189,87,Ireland,12 - 9,England,18 Jan 1975,"Lansdowne Road Dublin, Ireland"
190,88,Ireland,18 - 9,England,10 Feb 1973,"Lansdowne Road Dublin, Ireland"
191,89,Ireland,6 - 9,England,13 Feb 1971,"Lansdowne Road Dublin, Ireland"
192,90,Ireland,17 - 15,England,08 Feb 1969,"Lansdowne Road Dublin, Ireland"
193,91,Ireland,3 - 8,England,11 Feb 1967,"Lansdowne Road Dublin, Ireland"
194,92,Ireland,5 - 0,England,13 Feb 1965,"Lansdowne Road Dublin, Ireland"
195,93,Ireland,0 - 0,England,09 Feb 1963,"Lansdowne Road Dublin, Ireland"
196,94,Ireland,11 - 8,England,11 Feb 1961,"Lansdowne Road Dublin, Ireland"
197,95,Ireland,0 - 3,England,14 Feb 1959,"Lansdowne Road Dublin, Ireland"
198,96,Ireland,0 - 6,England,09 Feb 1957,"Lansdowne Road Dublin, Ireland"
199,97,Ireland,6 - 6,England,12 Feb 1955,"Lansdowne Road Dublin, Ireland"
200,98,Ireland,9 - 9,England,14 Feb 1953,"Lansdowne Road Dublin, Ireland"
201,99,Ireland,3 - 0,England,10 Feb 1951,"Lansdowne Road Dublin, Ireland"
202,100,Ireland,14 - 5,England,12 Feb 1949,"Lansdowne Road Dublin, Ireland"
203,101,Ireland,22 - 0,England,08 Feb 1947,"Lansdowne Road Dublin, Ireland"
204,102,Ireland,14 - 36,England,12 Feb 1938,"Lansdowne Road Dublin, Ireland"
205,103,Ireland,6 - 3,England,08 Feb 1936,"Lansdowne Road Dublin, Ireland"
206,104,Ireland,3 - 13,England,10 Feb 1934,"Lansdowne Road Dublin, Ireland"
207,105,Ireland,8 - 11,England,13 Feb 1932,"Lansdowne Road Dublin, Ireland"
208,106,Ireland,4 - 3,England,08 Feb 1930,"Lansdowne Road Dublin, Ireland"
209,107,Ireland,6 - 7,England,11 Feb 1928,"Lansdowne Road Dublin, Ireland"
210,108,Ireland,19 - 15,England,13 Feb 1926,"Lansdowne Road Dublin, Ireland"
211,109,Ireland,3 - 14,England,09 Feb 1924,"Ravenhill Belfast, Ireland"
212,110,Ireland,3 - 12,England,11 Feb 1922,"Lansdowne Road Dublin, Ireland"
213,111,Ireland,11 - 14,England,14 Feb 1920,"Lansdowne Road Dublin, Ireland"
214,112,Ireland,4 - 15,England,08 Feb 1913,"Lansdowne Road Dublin, Ireland"
215,113,Ireland,3 - 0,England,11 Feb 1911,"Lansdowne Road Dublin, Ireland"
216,114,Ireland,5 - 11,England,13 Feb 1909,"Lansdowne Road Dublin, Ireland"
217,115,Ireland,17 - 9,England,09 Feb 1907,"Lansdowne Road Dublin, Ireland"
218,116,Ireland,17 - 3,England,11 Feb 1905,"Mardyke Cork, Ireland"
219,117,Ireland,6 - 0,England,14 Feb 1903,"Lansdowne Road Dublin, Ireland"
220,118,Ireland,10 - 6,England,09 Feb 1901,"Lansdowne Road Dublin, Ireland"
221,119,Ireland,6 - 0,England,04 Feb 1899,"Lansdowne Road Dublin, Ireland"
222,120,Ireland,13 - 9,England,06 Feb 1897,"Lansdowne Road Dublin, Ireland"
223,121,Ireland,3 - 6,England,02 Feb 1895,"Lansdowne Road Dublin, Ireland"
224,122,Ireland,0 - 4,England,04 Feb 1893,"Lansdowne Road Dublin, Ireland"
225,123,Ireland,0 - 9,England,07 Feb 1891,"Lansdowne Road Dublin, Ireland"
226,124,Ireland,6 - 0,England,05 Feb 1887,"Lansdowne Road Dublin, Ireland"
227,125,Ireland,0 - 1,England,06 Feb 1886,"Lansdowne Road Dublin, Ireland"
228,126,Ireland,0 - 3,England,04 Feb 1884,"Lansdowne Road Dublin, Ireland"
229,127,Ireland,2 - 2,England,06 Feb 1882,"Lansdowne Road Dublin, Ireland"
230,128,Ireland,1 - 4,England,30 Jan 1880,"Lansdowne Road Dublin, Ireland"
231,129,Ireland,0 - 7,England,11 Mar 1878,"Lansdowne Road Dublin, Ireland"
232,130,Ireland,0 - 4,England,13 Dec 1875,"Rathmines Dublin, Ireland"
233,131,Ireland,19 - 9,England,01 Mar 2015,
234,132,Ireland,13 - 9,England,18 Mar 2017,
235,1,England,59 - 13,Italy,12 Feb 2011,"Twickenham London, England"
236,2,England,36 - 11,Italy,07 Feb 2009,"Twickenham London, England"
237,3,England,20 - 7,Italy,10 Feb 2007,"Twickenham London, England"
238,4,England,39 - 7,Italy,12 Mar 2005,"Twickenham London, England"
239,5,England,40 - 5,Italy,09 Mar 2003,"Twickenham London, England"
240,6,England,80 - 23,Italy,17 Feb 2001,"Twickenham London, England"
241,7,England,67 - 7,Italy,02 Oct 1999,"Twickenham London, England"
242,8,England,23 - 15,Italy,22 Nov 1998,"McAlpine Stadium Huddersfield, England"
243,9,England,54 - 21,Italy,23 Nov 1996,"Twickenham London, England"
244,10,England,27 - 20,Italy,31 May 1995,"ABSA Stadium Durban, South Africa"
245,11,England,36 - 6,Italy,08 Oct 1991,"Twickenham London, England"
246,12,England,47 - 17,Italy,14 Feb 2015,
247,13,England,36 - 15,Italy,26 Feb 2017,
248,14,Italy,11 - 52,England,15 Mar 2014,"Stadio Olimpico Rome, Italy"
249,15,Italy,15 - 19,England,11 Feb 2012,"Stadio Olimpico Rome, Italy"
250,16,Italy,12 - 17,England,14 Feb 2010,"Stadio Flaminio Rome, Italy"
251,17,Italy,19 - 23,England,10 Feb 2008,"Stadio Flaminio Rome, Italy"
252,18,Italy,16 - 31,England,11 Feb 2006,"Stadio Flaminio Rome, Italy"
253,19,Italy,9 - 50,England,15 Feb 2004,"Stadio Flaminio Rome, Italy"
254,20,Italy,9 - 45,England,07 Apr 2002,"Stadio Flaminio Rome, Italy"
255,21,Italy,12 - 59,England,18 Mar 2000,"Stadio Flaminio Rome, Italy"
256,22,Italy,9 - 40,England,14 Feb 2016,
257,23,Italy,15 - 46,England,04 Feb 2018,
258,1,England,16 - 12,Scotland,01 Oct 2011,"Eden Park Auckland, New Zealand"
259,2,England,22 - 16,Scotland,13 Mar 2011,"Twickenham London, England"
260,3,England,26 - 12,Scotland,21 Mar 2009,"Twickenham London, England"
261,4,England,42 - 20,Scotland,03 Feb 2007,"Twickenham London, England"
262,5,England,43 - 22,Scotland,19 Mar 2005,"Twickenham London, England"
263,6,England,40 - 9,Scotland,22 Mar 2003,"Twickenham London, England"
264,7,England,43 - 3,Scotland,03 Mar 2001,"Twickenham London, England"
265,8,England,24 - 21,Scotland,20 Feb 1999,"Twickenham London, England"
266,9,England,41 - 13,Scotland,01 Feb 1997,"Twickenham London, England"
267,10,England,24 - 12,Scotland,18 Mar 1995,"Twickenham London, England"
268,11,England,26 - 12,Scotland,06 Mar 1993,"Twickenham London, England"
269,12,England,21 - 12,Scotland,16 Feb 1991,"Twickenham London, England"
270,13,England,12 - 12,Scotland,04 Feb 1989,"Twickenham London, England"
271,14,England,21 - 12,Scotland,04 Apr 1987,"Twickenham London, England"
272,15,England,10 - 7,Scotland,16 Mar 1985,"Twickenham London, England"
273,16,England,12 - 22,Scotland,05 Mar 1983,"Twickenham London, England"
274,17,England,23 - 17,Scotland,21 Feb 1981,"Twickenham London, England"
275,18,England,7 - 7,Scotland,03 Feb 1979,"Twickenham London, England"
276,19,England,26 - 6,Scotland,15 Jan 1977,"Twickenham London, England"
277,20,England,7 - 6,Scotland,15 Mar 1975,"Twickenham London, England"
278,21,England,20 - 13,Scotland,17 Mar 1973,"Twickenham London, England"
279,22,England,15 - 16,Scotland,20 Mar 1971,"Twickenham London, England"
280,23,England,8 - 3,Scotland,15 Mar 1969,"Twickenham London, England"
281,24,England,27 - 14,Scotland,18 Mar 1967,"Twickenham London, England"
282,25,England,3 - 3,Scotland,20 Mar 1965,"Twickenham London, England"
283,26,England,10 - 8,Scotland,16 Mar 1963,"Twickenham London, England"
284,27,England,6 - 0,Scotland,18 Mar 1961,"Twickenham London, England"
285,28,England,3 - 3,Scotland,21 Mar 1959,"Twickenham London, England"
286,29,England,16 - 3,Scotland,16 Mar 1957,"Twickenham London, England"
287,30,England,9 - 6,Scotland,19 Mar 1955,"Twickenham London, England"
288,31,England,26 - 8,Scotland,21 Mar 1953,"Twickenham London, England"
289,32,England,5 - 3,Scotland,17 Mar 1951,"Twickenham London, England"
290,33,England,19 - 3,Scotland,19 Mar 1949,"Twickenham London, England"
291,34,England,24 - 5,Scotland,15 Mar 1947,"Twickenham London, England"
292,35,England,16 - 21,Scotland,19 Mar 1938,"Twickenham London, England"
293,36,England,9 - 8,Scotland,21 Mar 1936,"Twickenham London, England"
294,37,England,6 - 3,Scotland,17 Mar 1934,"Twickenham London, England"
295,38,England,16 - 3,Scotland,19 Mar 1932,"Twickenham London, England"
296,39,England,0 - 0,Scotland,15 Mar 1930,"Twickenham London, England"
297,40,England,6 - 0,Scotland,17 Mar 1928,"Twickenham London, England"
298,41,England,9 - 17,Scotland,20 Mar 1926,"Twickenham London, England"
299,42,England,19 - 0,Scotland,15 Mar 1924,"Twickenham London, England"
300,43,England,11 - 5,Scotland,18 Mar 1922,"Twickenham London, England"
301,44,England,13 - 4,Scotland,20 Mar 1920,"Twickenham London, England"
302,45,England,3 - 0,Scotland,15 Mar 1913,"Twickenham London, England"
303,46,England,13 - 8,Scotland,18 Mar 1911,"Twickenham London, England"
304,47,England,8 - 18,Scotland,20 Mar 1909,"Athletic Ground Richmond, England"
305,48,England,3 - 8,Scotland,16 Mar 1907,"Rectory Field Blackheath, England"
306,49,England,0 - 8,Scotland,18 Mar 1905,"Athletic Ground Richmond, England"
307,50,England,6 - 10,Scotland,21 Mar 1903,"Athletic Ground Richmond, England"
308,51,England,3 - 18,Scotland,09 Mar 1901,"Rectory Field Blackheath, England"
309,52,England,0 - 5,Scotland,11 Mar 1899,"Rectory Field Blackheath, England"
310,53,England,12 - 3,Scotland,13 Mar 1897,"Fallowfield Manchester, England"
311,54,England,3 - 6,Scotland,09 Mar 1895,"Athletic Ground Richmond, England"
312,55,England,0 - 8,Scotland,04 Mar 1893,"Headingley Leeds, England"
313,56,England,3 - 9,Scotland,07 Mar 1891,"Athletic Ground Richmond, England"
314,57,England,1 - 1,Scotland,05 Mar 1887,"Whalley Range Manchester, England"
315,58,England,3 - 1,Scotland,01 Mar 1884,"Rectory Field Blackheath, England"
316,59,England,0 - 2,Scotland,04 Mar 1882,"Whalley Range Manchester, England"
317,60,England,9 - 3,Scotland,28 Feb 1880,"Whalley Range Manchester, England"
318,61,England,0 - 0,Scotland,04 Mar 1878,"The Oval London, England"
319,62,England,4 - 0,Scotland,06 Mar 1876,"The Oval London, England"
320,63,England,3 - 1,Scotland,23 Feb 1874,"The Oval London, England"
321,64,England,8 - 3,Scotland,05 Feb 1872,"The Oval London, England"
322,65,England,25 - 13,Scotland,14 Mar 2015,
323,66,England,61 - 21,Scotland,11 Mar 2017,
324,67,Scotland,0 - 20,England,08 Feb 2014,"Murrayfield Edinburgh, Scotland"
325,68,Scotland,6 - 13,England,04 Feb 2012,"Murrayfield Edinburgh, Scotland"
326,69,Scotland,15 - 15,England,13 Mar 2010,"Murrayfield Edinburgh, Scotland"
327,70,Scotland,15 - 9,England,08 Mar 2008,"Murrayfield Edinburgh, Scotland"
328,71,Scotland,18 - 12,England,25 Feb 2006,"Murrayfield Edinburgh, Scotland"
329,72,Scotland,13 - 35,England,21 Feb 2004,"Murrayfield Edinburgh, Scotland"
330,73,Scotland,3 - 29,England,02 Feb 2002,"Murrayfield Edinburgh, Scotland"
331,74,Scotland,19 - 13,England,02 Apr 2000,"Murrayfield Edinburgh, Scotland"
332,75,Scotland,20 - 34,England,22 Mar 1998,"Murrayfield Edinburgh, Scotland"
333,76,Scotland,9 - 18,England,02 Mar 1996,"Murrayfield Edinburgh, Scotland"
334,77,Scotland,14 - 15,England,05 Feb 1994,"Murrayfield Edinburgh, Scotland"
335,78,Scotland,7 - 25,England,18 Jan 1992,"Murrayfield Edinburgh, Scotland"
336,79,Scotland,6 - 9,England,26 Oct 1991,"Murrayfield Edinburgh, Scotland"
337,80,Scotland,13 - 7,England,17 Mar 1990,"Murrayfield Edinburgh, Scotland"
338,81,Scotland,6 - 9,England,05 Mar 1988,"Murrayfield Edinburgh, Scotland"
339,82,Scotland,33 - 6,England,15 Feb 1986,"Murrayfield Edinburgh, Scotland"
340,83,Scotland,18 - 6,England,04 Feb 1984,"Murrayfield Edinburgh, Scotland"
341,84,Scotland,9 - 9,England,16 Jan 1982,"Murrayfield Edinburgh, Scotland"
342,85,Scotland,18 - 30,England,15 Mar 1980,"Murrayfield Edinburgh, Scotland"
343,86,Scotland,0 - 15,England,04 Mar 1978,"Murrayfield Edinburgh, Scotland"
344,87,Scotland,22 - 12,England,21 Feb 1976,"Murrayfield Edinburgh, Scotland"
345,88,Scotland,16 - 14,England,02 Feb 1974,"Murrayfield Edinburgh, Scotland"
346,89,Scotland,23 - 9,England,18 Mar 1972,"Murrayfield Edinburgh, Scotland"
347,90,Scotland,26 - 6,England,27 Mar 1971,"Murrayfield Edinburgh, Scotland"
348,91,Scotland,14 - 5,England,21 Mar 1970,"Murrayfield Edinburgh, Scotland"
349,92,Scotland,6 - 8,England,16 Mar 1968,"Murrayfield Edinburgh, Scotland"
350,93,Scotland,6 - 3,England,19 Mar 1966,"Murrayfield Edinburgh, Scotland"
351,94,Scotland,15 - 6,England,21 Mar 1964,"Murrayfield Edinburgh, Scotland"
352,95,Scotland,3 - 3,England,17 Mar 1962,"Murrayfield Edinburgh, Scotland"
353,96,Scotland,12 - 21,England,19 Mar 1960,"Murrayfield Edinburgh, Scotland"
354,97,Scotland,3 - 3,England,15 Mar 1958,"Murrayfield Edinburgh, Scotland"
355,98,Scotland,6 - 11,England,17 Mar 1956,"Murrayfield Edinburgh, Scotland"
356,99,Scotland,3 - 13,England,20 Mar 1954,"Murrayfield Edinburgh, Scotland"
357,100,Scotland,3 - 19,England,15 Mar 1952,"Murrayfield Edinburgh, Scotland"
358,101,Scotland,13 - 11,England,18 Mar 1950,"Murrayfield Edinburgh, Scotland"
359,102,Scotland,6 - 3,England,20 Mar 1948,"Murrayfield Edinburgh, Scotland"
360,103,Scotland,6 - 9,England,18 Mar 1939,"Murrayfield Edinburgh, Scotland"
361,104,Scotland,3 - 6,England,20 Mar 1937,"Murrayfield Edinburgh, Scotland"
362,105,Scotland,10 - 7,England,16 Mar 1935,"Murrayfield Edinburgh, Scotland"
363,106,Scotland,3 - 0,England,18 Mar 1933,"Murrayfield Edinburgh, Scotland"
364,107,Scotland,28 - 19,England,21 Mar 1931,"Murrayfield Edinburgh, Scotland"
365,108,Scotland,12 - 6,England,16 Mar 1929,"Murrayfield Edinburgh, Scotland"
366,109,Scotland,21 - 13,England,19 Mar 1927,"Murrayfield Edinburgh, Scotland"
367,110,Scotland,14 - 11,England,21 Mar 1925,"Murrayfield Edinburgh, Scotland"
368,111,Scotland,6 - 8,England,17 Mar 1923,"Inverleith Edinburgh, Scotland"
369,112,Scotland,0 - 18,England,19 Mar 1921,"Inverleith Edinburgh, Scotland"
370,113,Scotland,15 - 16,England,21 Mar 1914,"Inverleith Edinburgh, Scotland"
371,114,Scotland,8 - 3,England,16 Mar 1912,"Inverleith Edinburgh, Scotland"
372,115,Scotland,5 - 14,England,19 Mar 1910,"Inverleith Edinburgh, Scotland"
373,116,Scotland,16 - 10,England,21 Mar 1908,"Inverleith Edinburgh, Scotland"
374,117,Scotland,3 - 9,England,17 Mar 1906,"Inverleith Edinburgh, Scotland"
375,118,Scotland,6 - 3,England,19 Mar 1904,"Inverleith Edinburgh, Scotland"
376,119,Scotland,3 - 6,England,15 Mar 1902,"Inverleith Edinburgh, Scotland"
377,120,Scotland,0 - 0,England,10 Mar 1900,"Inverleith Edinburgh, Scotland"
378,121,Scotland,3 - 3,England,12 Mar 1898,"Powderhall Edinburgh, Scotland"
379,122,Scotland,11 - 0,England,14 Mar 1896,"Old Hampden Park Glasgow, Scotland"
380,123,Scotland,6 - 0,England,17 Mar 1894,"Raeburn Place Edinburgh, Scotland"
381,124,Scotland,0 - 5,England,05 Mar 1892,"Raeburn Place Edinburgh, Scotland"
382,125,Scotland,0 - 6,England,01 Mar 1890,"Raeburn Place Edinburgh, Scotland"
383,126,Scotland,0 - 0,England,13 Mar 1886,"Raeburn Place Edinburgh, Scotland"
384,127,Scotland,1 - 2,England,03 Mar 1883,"Raeburn Place Edinburgh, Scotland"
385,128,Scotland,4 - 4,England,19 Mar 1881,"Raeburn Place Edinburgh, Scotland"
386,129,Scotland,3 - 3,England,10 Mar 1879,"Raeburn Place Edinburgh, Scotland"
387,130,Scotland,3 - 0,England,05 Mar 1877,"Raeburn Place Edinburgh, Scotland"
388,131,Scotland,0 - 0,England,08 Mar 1875,"Raeburn Place Edinburgh, Scotland"
389,132,Scotland,0 - 0,England,03 Mar 1873,"Hamilton Crescent Glasgow, Scotland"
390,133,Scotland,4 - 1,England,27 Mar 1871,"Raeburn Place Edinburgh, Scotland"
391,134,Scotland,9 - 15,England,06 Feb 2016,
392,135,Scotland,25 - 13,England,24 Feb 2018,
393,1,England,12 - 19,Wales,25 Feb 2012,"Twickenham London, England"
394,2,England,23 - 19,Wales,06 Aug 2011,"Twickenham London, England"
395,3,England,30 - 17,Wales,06 Feb 2010,"Twickenham London, England"
396,4,England,19 - 26,Wales,02 Feb 2008,"Twickenham London, England"
397,5,England,62 - 5,Wales,04 Aug 2007,"Twickenham London, England"
398,6,England,47 - 13,Wales,04 Feb 2006,"Twickenham London, England"
399,7,England,31 - 21,Wales,20 Mar 2004,"Twickenham London, England"
400,8,England,28 - 17,Wales,09 Nov 2003,"Lang Park Brisbane, Australia"
401,9,England,50 - 10,Wales,23 Mar 2002,"Twickenham London, England"
402,10,England,46 - 12,Wales,04 Mar 2000,"Twickenham London, England"
403,11,England,31 - 32,Wales,11 Apr 1999,"Wembley Stadium London, England"
404,12,England,60 - 26,Wales,21 Feb 1998,"Twickenham London, England"
405,13,England,21 - 15,Wales,03 Feb 1996,"Twickenham London, England"
406,14,England,15 - 8,Wales,19 Mar 1994,"Twickenham London, England"
407,15,England,24 - 0,Wales,07 Mar 1992,"Twickenham London, England"
408,16,England,34 - 6,Wales,17 Feb 1990,"Twickenham London, England"
409,17,England,3 - 11,Wales,06 Feb 1988,"Twickenham London, England"
410,18,England,3 - 16,Wales,08 Jun 1987,"Ballymore Brisbane, Australia"
411,19,England,21 - 18,Wales,18 Jan 1986,"Twickenham London, England"
412,20,England,15 - 24,Wales,17 Mar 1984,"Twickenham London, England"
413,21,England,17 - 7,Wales,06 Mar 1982,"Twickenham London, England"
414,22,England,9 - 8,Wales,16 Feb 1980,"Twickenham London, England"
415,23,England,6 - 9,Wales,04 Feb 1978,"Twickenham London, England"
416,24,England,9 - 21,Wales,17 Jan 1976,"Twickenham London, England"
417,25,England,16 - 12,Wales,16 Mar 1974,"Twickenham London, England"
418,26,England,3 - 12,Wales,15 Jan 1972,"Twickenham London, England"
419,27,England,13 - 17,Wales,28 Feb 1970,"Twickenham London, England"
420,28,England,11 - 11,Wales,20 Jan 1968,"Twickenham London, England"
421,29,England,6 - 11,Wales,15 Jan 1966,"Twickenham London, England"
422,30,England,6 - 6,Wales,18 Jan 1964,"Twickenham London, England"
423,31,England,0 - 0,Wales,20 Jan 1962,"Twickenham London, England"
424,32,England,14 - 6,Wales,16 Jan 1960,"Twickenham London, England"
425,33,England,3 - 3,Wales,18 Jan 1958,"Twickenham London, England"
426,34,England,3 - 8,Wales,21 Jan 1956,"Twickenham London, England"
427,35,England,9 - 6,Wales,16 Jan 1954,"Twickenham London, England"
428,36,England,6 - 8,Wales,19 Jan 1952,"Twickenham London, England"
429,37,England,5 - 11,Wales,21 Jan 1950,"Twickenham London, England"
430,38,England,3 - 3,Wales,17 Jan 1948,"Twickenham London, England"
431,39,England,3 - 0,Wales,21 Jan 1939,"Twickenham London, England"
432,40,England,4 - 3,Wales,16 Jan 1937,"Twickenham London, England"
433,41,England,3 - 3,Wales,19 Jan 1935,"Twickenham London, England"
434,42,England,3 - 7,Wales,21 Jan 1933,"Twickenham London, England"
435,43,England,11 - 11,Wales,17 Jan 1931,"Twickenham London, England"
436,44,England,8 - 3,Wales,19 Jan 1929,"Twickenham London, England"
437,45,England,11 - 9,Wales,15 Jan 1927,"Twickenham London, England"
438,46,England,12 - 6,Wales,17 Jan 1925,"Twickenham London, England"
439,47,England,7 - 3,Wales,20 Jan 1923,"Twickenham London, England"
440,48,England,18 - 3,Wales,15 Jan 1921,"Twickenham London, England"
441,49,England,10 - 9,Wales,17 Jan 1914,"Twickenham London, England"
442,50,England,8 - 0,Wales,20 Jan 1912,"Twickenham London, England"
443,51,England,11 - 6,Wales,15 Jan 1910,"Twickenham London, England"
444,52,England,18 - 28,Wales,18 Jan 1908,"Ashton Gate Bristol, England"
445,53,England,3 - 16,Wales,13 Jan 1906,"Athletic Ground Richmond, England"
446,54,England,14 - 14,Wales,09 Jan 1904,"Welford Road Leicester, England"
447,55,England,8 - 9,Wales,11 Jan 1902,"Rectory Field Blackheath, England"
448,56,England,3 - 13,Wales,06 Jan 1900,"Kingsholm Gloucester, England"
449,57,England,14 - 7,Wales,02 Apr 1898,"Rectory Field Blackheath, England"
450,58,England,25 - 0,Wales,04 Jan 1896,"Rectory Field Blackheath, England"
451,59,England,24 - 3,Wales,06 Jan 1894,"Birkenhead Park Birkenhead, England"
452,60,England,17 - 0,Wales,02 Jan 1892,"Rectory Field Blackheath, England"
453,61,England,0 - 1,Wales,15 Feb 1890,"Crown Flatt Dewsbury, England"
454,62,England,5 - 3,Wales,02 Jan 1886,"Rectory Field Blackheath, England"
455,63,England,5 - 3,Wales,05 Jan 1884,"Cardigan Fields Leeds, England"
456,64,England,30 - 0,Wales,19 Feb 1881,"Richardsons Field Blackheath, England"
457,65,England,25 - 28,Wales,26 Sep 2015,
458,66,England,25 - 21,Wales,12 Mar 2016,
459,67,England,12 - 6,Wales,10 Feb 2018,
460,68,England,27 - 13,Wales,29 May 2016,
461,69,Wales,30 - 3,England,16 Mar 2013,"Millennium Stadium Cardiff, Wales"
462,70,Wales,19 - 9,England,13 Aug 2011,"Millennium Stadium Cardiff, Wales"
463,71,Wales,19 - 26,England,04 Feb 2011,"Millennium Stadium Cardiff, Wales"
464,72,Wales,23 - 15,England,14 Feb 2009,"Millennium Stadium Cardiff, Wales"
465,73,Wales,27 - 18,England,17 Mar 2007,"Millennium Stadium Cardiff, Wales"
466,74,Wales,11 - 9,England,05 Feb 2005,"Millennium Stadium Cardiff, Wales"
467,75,Wales,9 - 43,England,23 Aug 2003,"Millennium Stadium Cardiff, Wales"
468,76,Wales,9 - 26,England,22 Feb 2003,"Millennium Stadium Cardiff, Wales"
469,77,Wales,15 - 44,England,03 Feb 2001,"Millennium Stadium Cardiff, Wales"
470,78,Wales,13 - 34,England,15 Mar 1997,"Millennium Stadium Cardiff, Wales"
471,79,Wales,9 - 23,England,18 Feb 1995,"Millennium Stadium Cardiff, Wales"
472,80,Wales,10 - 9,England,06 Feb 1993,"Millennium Stadium Cardiff, Wales"
473,81,Wales,6 - 25,England,19 Jan 1991,"Millennium Stadium Cardiff, Wales"
474,82,Wales,12 - 9,England,18 Mar 1989,"Millennium Stadium Cardiff, Wales"
475,83,Wales,19 - 12,England,07 Mar 1987,"Cardiff Arms Park Cardiff, Wales"
476,84,Wales,24 - 15,England,20 Apr 1985,"Cardiff Arms Park Cardiff, Wales"
477,85,Wales,13 - 13,England,05 Feb 1983,"Millennium Stadium Cardiff, Wales"
478,86,Wales,21 - 19,England,17 Jan 1981,"Millennium Stadium Cardiff, Wales"
479,87,Wales,27 - 3,England,17 Mar 1979,"Millennium Stadium Cardiff, Wales"
480,88,Wales,14 - 9,England,05 Mar 1977,"Millennium Stadium Cardiff, Wales"
481,89,Wales,20 - 4,England,15 Feb 1975,"Millennium Stadium Cardiff, Wales"
482,90,Wales,25 - 9,England,20 Jan 1973,"Millennium Stadium Cardiff, Wales"
483,91,Wales,22 - 6,England,16 Jan 1971,"Millennium Stadium Cardiff, Wales"
484,92,Wales,30 - 9,England,12 Apr 1969,"Millennium Stadium Cardiff, Wales"
485,93,Wales,34 - 21,England,15 Apr 1967,"Millennium Stadium Cardiff, Wales"
486,94,Wales,14 - 3,England,16 Jan 1965,"Millennium Stadium Cardiff, Wales"
487,95,Wales,6 - 13,England,19 Jan 1963,"Millennium Stadium Cardiff, Wales"
488,96,Wales,6 - 3,England,21 Jan 1961,"Millennium Stadium Cardiff, Wales"
489,97,Wales,5 - 0,England,17 Jan 1959,"Millennium Stadium Cardiff, Wales"
490,98,Wales,0 - 3,England,19 Jan 1957,"Millennium Stadium Cardiff, Wales"
491,99,Wales,3 - 0,England,22 Jan 1955,"Millennium Stadium Cardiff, Wales"
492,100,Wales,3 - 8,England,17 Jan 1953,"Millennium Stadium Cardiff, Wales"
493,101,Wales,23 - 5,England,20 Jan 1951,"St Helens Swansea, Wales"
494,102,Wales,9 - 3,England,15 Jan 1949,"Millennium Stadium Cardiff, Wales"
495,103,Wales,6 - 9,England,18 Jan 1947,"Millennium Stadium Cardiff, Wales"
496,104,Wales,14 - 8,England,15 Jan 1938,"Millennium Stadium Cardiff, Wales"
497,105,Wales,0 - 0,England,18 Jan 1936,"St Helens Swansea, Wales"
498,106,Wales,0 - 9,England,20 Jan 1934,"Millennium Stadium Cardiff, Wales"
499,107,Wales,12 - 5,England,16 Jan 1932,"St Helens Swansea, Wales"
500,108,Wales,3 - 11,England,18 Jan 1930,"Millennium Stadium Cardiff, Wales"
501,109,Wales,8 - 10,England,21 Jan 1928,"St Helens Swansea, Wales"
502,110,Wales,3 - 3,England,16 Jan 1926,"Millennium Stadium Cardiff, Wales"
503,111,Wales,9 - 17,England,19 Jan 1924,"St Helens Swansea, Wales"
504,112,Wales,28 - 6,England,21 Jan 1922,"Cardiff Arms Park Cardiff, Wales"
505,113,Wales,19 - 5,England,17 Jan 1920,"St Helens Swansea, Wales"
506,114,Wales,0 - 12,England,18 Jan 1913,"Millennium Stadium Cardiff, Wales"
507,115,Wales,15 - 11,England,21 Jan 1911,"St Helens Swansea, Wales"
508,116,Wales,8 - 0,England,16 Jan 1909,"Cardiff Arms Park Cardiff, Wales"
509,117,Wales,22 - 0,England,12 Jan 1907,"St Helens Swansea, Wales"
510,118,Wales,25 - 0,England,14 Jan 1905,"Cardiff Arms Park Cardiff, Wales"
511,119,Wales,21 - 5,England,10 Jan 1903,"St Helens Swansea, Wales"
512,120,Wales,13 - 0,England,05 Jan 1901,"Cardiff Arms Park Cardiff, Wales"
513,121,Wales,26 - 3,England,07 Jan 1899,"St Helens Swansea, Wales"
514,122,Wales,11 - 0,England,09 Jan 1897,"Rodney Parade Newport, Wales"
515,123,Wales,6 - 14,England,05 Jan 1895,"St Helens Swansea, Wales"
516,124,Wales,12 - 11,England,07 Jan 1893,"Cardiff Arms Park Cardiff, Wales"
517,125,Wales,3 - 7,England,03 Jan 1891,"Rodney Parade Newport, Wales"
518,126,Wales,0 - 0,England,08 Jan 1887,"Stradey Park Llanelli, Wales"
519,127,Wales,4 - 7,England,03 Jan 1885,"St Helens Swansea, Wales"
520,128,Wales,0 - 10,England,16 Dec 1882,"St Helens Swansea, Wales"
521,129,Wales,16 - 21,England,06 Feb 2015,
522,130,Wales,16 - 21,England,11 Feb 2017,
523,1,France,17 - 17,Ireland,04 Mar 2012,"Stade de France Paris, France"
524,2,France,19 - 12,Ireland,13 Aug 2011,"Stade Municipal Bordeaux, France"
525,3,France,33 - 10,Ireland,13 Feb 2010,"Stade de France Paris, France"
526,4,France,26 - 21,Ireland,09 Feb 2008,"Stade de France Paris, France"
527,5,France,25 - 3,Ireland,21 Sep 2007,"Stade de France Paris, France"
528,6,France,43 - 31,Ireland,11 Feb 2006,"Stade de France Paris, France"
529,7,France,35 - 17,Ireland,14 Feb 2004,"Stade de France Paris, France"
530,8,France,43 - 21,Ireland,09 Nov 2003,"Colonial Stadium Melbourne, Australia"
531,9,France,44 - 5,Ireland,06 Apr 2002,"Stade de France Paris, France"
532,10,France,25 - 27,Ireland,19 Mar 2000,"Stade de France Paris, France"
533,11,France,18 - 16,Ireland,07 Mar 1998,"Stade de France Paris, France"
534,12,France,45 - 10,Ireland,17 Feb 1996,"Parc des Princes Paris, France"
535,13,France,36 - 12,Ireland,10 Jun 1995,"ABSA Stadium Durban, South Africa"
536,14,France,35 - 15,Ireland,15 Jan 1994,"Parc des Princes Paris, France"
537,15,France,44 - 12,Ireland,21 Mar 1992,"Parc des Princes Paris, France"
538,16,France,31 - 12,Ireland,03 Mar 1990,"Parc des Princes Paris, France"
539,17,France,25 - 6,Ireland,20 Feb 1988,"Parc des Princes Paris, France"
540,18,France,29 - 9,Ireland,01 Feb 1986,"Parc des Princes Paris, France"
541,19,France,25 - 12,Ireland,21 Jan 1984,"Parc des Princes Paris, France"
542,20,France,22 - 9,Ireland,20 Mar 1982,"Parc des Princes Paris, France"
543,21,France,19 - 18,Ireland,01 Mar 1980,"Parc des Princes Paris, France"
544,22,France,10 - 9,Ireland,18 Feb 1978,"Parc des Princes Paris, France"
545,23,France,26 - 3,Ireland,07 Feb 1976,"Parc des Princes Paris, France"
546,24,France,9 - 6,Ireland,19 Jan 1974,"Parc des Princes Paris, France"
547,25,France,9 - 14,Ireland,29 Jan 1972,"Stade Colombes Paris, France"
548,26,France,8 - 0,Ireland,24 Jan 1970,"Stade Colombes Paris, France"
549,27,France,16 - 6,Ireland,27 Jan 1968,"Stade Colombes Paris, France"
550,28,France,11 - 6,Ireland,29 Jan 1966,"Stade Colombes Paris, France"
551,29,France,27 - 6,Ireland,11 Apr 1964,"Stade Colombes Paris, France"
552,30,France,11 - 0,Ireland,14 Apr 1962,"Stade Colombes Paris, France"
553,31,France,23 - 6,Ireland,09 Apr 1960,"Stade Colombes Paris, France"
554,32,France,11 - 6,Ireland,19 Apr 1958,"Stade Colombes Paris, France"
555,33,France,14 - 8,Ireland,28 Jan 1956,"Stade Colombes Paris, France"
556,34,France,8 - 0,Ireland,23 Jan 1954,"Stade Colombes Paris, France"
557,35,France,8 - 11,Ireland,26 Jan 1952,"Stade Colombes Paris, France"
558,36,France,3 - 3,Ireland,28 Jan 1950,"Stade Colombes Paris, France"
559,37,France,6 - 13,Ireland,01 Jan 1948,"Stade Colombes Paris, France"
560,38,France,3 - 0,Ireland,01 Jan 1931,"Stade Colombes Paris, France"
561,39,France,0 - 6,Ireland,31 Dec 1928,"Stade Yves du Manoir Paris, France"
562,40,France,3 - 8,Ireland,01 Jan 1927,"Stade Colombes Paris, France"
563,41,France,3 - 9,Ireland,01 Jan 1925,"Stade Colombes Paris, France"
564,42,France,14 - 8,Ireland,14 Apr 1923,"Stade Colombes Paris, France"
565,43,France,20 - 10,Ireland,09 Apr 1921,"Stade Colombes Paris, France"
566,44,France,6 - 8,Ireland,01 Jan 1914,"Parc des Princes Paris, France"
567,45,France,6 - 11,Ireland,01 Jan 1912,"Parc des Princes Paris, France"
568,46,France,3 - 8,Ireland,28 Mar 1910,"Parc des Princes Paris, France"
569,47,France,9 - 24,Ireland,11 Oct 2015,
570,48,France,10 - 9,Ireland,13 Feb 2016,
571,49,France,13 - 15,Ireland,03 Feb 2018,
572,50,Ireland,13 - 13,France,09 Mar 2013,"Aviva Stadium Dublin, Ireland"
573,51,Ireland,22 - 26,France,20 Aug 2011,"Aviva Stadium Dublin, Ireland"
574,52,Ireland,22 - 25,France,13 Feb 2011,"Lansdowne Road Dublin, Ireland"
575,53,Ireland,30 - 21,France,07 Feb 2009,"Croke Park Dublin, Ireland"
576,54,Ireland,17 - 20,France,11 Feb 2007,"Croke Park Dublin, Ireland"
577,55,Ireland,19 - 26,France,12 Mar 2005,"Lansdowne Road Dublin, Ireland"
578,56,Ireland,15 - 12,France,08 Mar 2003,"Lansdowne Road Dublin, Ireland"
579,57,Ireland,22 - 15,France,17 Feb 2001,"Lansdowne Road Dublin, Ireland"
580,58,Ireland,9 - 10,France,06 Feb 1999,"Lansdowne Road Dublin, Ireland"
581,59,Ireland,15 - 32,France,18 Jan 1997,"Lansdowne Road Dublin, Ireland"
582,60,Ireland,7 - 25,France,04 Mar 1995,"Lansdowne Road Dublin, Ireland"
583,61,Ireland,6 - 21,France,20 Feb 1993,"Lansdowne Road Dublin, Ireland"
584,62,Ireland,13 - 21,France,02 Feb 1991,"Lansdowne Road Dublin, Ireland"
585,63,Ireland,21 - 26,France,21 Jan 1989,"Lansdowne Road Dublin, Ireland"
586,64,Ireland,13 - 19,France,21 Mar 1987,"Lansdowne Road Dublin, Ireland"
587,65,Ireland,15 - 15,France,02 Mar 1985,"Lansdowne Road Dublin, Ireland"
588,66,Ireland,22 - 16,France,19 Feb 1983,"Lansdowne Road Dublin, Ireland"
589,67,Ireland,13 - 19,France,07 Feb 1981,"Lansdowne Road Dublin, Ireland"
590,68,Ireland,9 - 9,France,20 Jan 1979,"Lansdowne Road Dublin, Ireland"
591,69,Ireland,6 - 15,France,19 Mar 1977,"Lansdowne Road Dublin, Ireland"
592,70,Ireland,25 - 6,France,01 Mar 1975,"Lansdowne Road Dublin, Ireland"
593,71,Ireland,6 - 4,France,14 Apr 1973,"Lansdowne Road Dublin, Ireland"
594,72,Ireland,24 - 14,France,29 Apr 1972,"Lansdowne Road Dublin, Ireland"
595,73,Ireland,9 - 9,France,30 Jan 1971,"Lansdowne Road Dublin, Ireland"
596,74,Ireland,17 - 9,France,25 Jan 1969,"Lansdowne Road Dublin, Ireland"
597,75,Ireland,6 - 11,France,15 Apr 1967,"Lansdowne Road Dublin, Ireland"
598,76,Ireland,3 - 3,France,23 Jan 1965,"Lansdowne Road Dublin, Ireland"
599,77,Ireland,5 - 24,France,26 Jan 1963,"Lansdowne Road Dublin, Ireland"
600,78,Ireland,3 - 15,France,15 Apr 1961,"Lansdowne Road Dublin, Ireland"
601,79,Ireland,9 - 5,France,18 Apr 1959,"Lansdowne Road Dublin, Ireland"
602,80,Ireland,11 - 6,France,26 Jan 1957,"Lansdowne Road Dublin, Ireland"
603,81,Ireland,3 - 5,France,22 Jan 1955,"Lansdowne Road Dublin, Ireland"
604,82,Ireland,16 - 3,France,24 Jan 1953,"Ravenhill Belfast, Ireland"
605,83,Ireland,9 - 8,France,27 Jan 1951,"Lansdowne Road Dublin, Ireland"
606,84,Ireland,9 - 16,France,29 Jan 1949,"Lansdowne Road Dublin, Ireland"
607,85,Ireland,8 - 12,France,25 Jan 1947,"Lansdowne Road Dublin, Ireland"
608,86,Ireland,0 - 5,France,25 Jan 1930,"Ravenhill Belfast, Ireland"
609,87,Ireland,12 - 8,France,28 Jan 1928,"Ravenhill Belfast, Ireland"
610,88,Ireland,11 - 0,France,23 Jan 1926,"Ravenhill Belfast, Ireland"
611,89,Ireland,6 - 0,France,26 Jan 1924,"Lansdowne Road Dublin, Ireland"
612,90,Ireland,8 - 3,France,08 Apr 1922,"Lansdowne Road Dublin, Ireland"
613,91,Ireland,7 - 15,France,03 Apr 1920,"Lansdowne Road Dublin, Ireland"
614,92,Ireland,24 - 0,France,24 Mar 1913,"Mardyke Cork, Ireland"
615,93,Ireland,25 - 5,France,25 Mar 1911,"Mardyke Cork, Ireland"
616,94,Ireland,19 - 8,France,20 Mar 1909,"Lansdowne Road Dublin, Ireland"
617,95,Ireland,18 - 11,France,14 Feb 2015,
618,96,Ireland,19 - 9,France,25 Feb 2017,
619,1,France,30 - 12,Italy,04 Feb 2012,"Stade de France Paris, France"
620,2,France,46 - 20,Italy,14 Mar 2010,"Stade de France Paris, France"
621,3,France,25 - 13,Italy,09 Mar 2008,"Stade de France Paris, France"
622,4,France,37 - 12,Italy,25 Feb 2006,"Stade de France Paris, France"
623,5,France,25 - 0,Italy,21 Feb 2004,"Stade de France Paris, France"
624,6,France,33 - 12,Italy,02 Feb 2002,"Stade de France Paris, France"
625,7,France,42 - 31,Italy,01 Apr 2000,"Stade de France Paris, France"
626,8,France,30 - 19,Italy,18 Oct 1997,"Stade Moulias Auch, France"
627,9,France,32 - 40,Italy,22 Mar 1997,"Stade Lesdiguires Grenoble, France"
628,10,France,34 - 22,Italy,14 Oct 1995,"Ferro Carril Oeste Stadium Buenos Aires, Argentina"
629,11,France,60 - 13,Italy,26 Mar 1967,"Stade Felix Mayol Toulon, France"
630,12,France,21 - 0,Italy,18 Apr 1965,"Croix du Prince Pau, France"
631,13,France,14 - 12,Italy,14 Apr 1963,"Stade Lesdiguires Grenoble, France"
632,14,France,17 - 0,Italy,02 Apr 1961,"Stade Municipal Chambery, France"
633,15,France,22 - 0,Italy,29 Mar 1959,"Stade Marcel Saupin Nantes, France"
634,16,France,38 - 6,Italy,21 Apr 1957,"Stade Armandie Agen, France"
635,17,France,24 - 0,Italy,10 Apr 1955,"Stade Lesdiguires Grenoble, France"
636,18,France,22 - 8,Italy,26 Apr 1953,"Stade Gerland Lyon, France"
637,19,France,43 - 5,Italy,17 Oct 1937,"Parc des Princes Paris, France"
638,20,France,32 - 10,Italy,19 Sep 2015,
639,21,France,23 - 21,Italy,06 Feb 2016,
640,22,France,34 - 17,Italy,23 Feb 2018,
641,23,Italy,23 - 18,France,03 Feb 2013,"Stadio Olimpico Rome, Italy"
642,24,Italy,22 - 21,France,12 Mar 2011,"Stadio Flaminio Rome, Italy"
643,25,Italy,8 - 50,France,21 Mar 2009,"Stadio Flaminio Rome, Italy"
644,26,Italy,3 - 39,France,03 Feb 2007,"Stadio Flaminio Rome, Italy"
645,27,Italy,13 - 56,France,19 Mar 2005,"Stadio Flaminio Rome, Italy"
646,28,Italy,27 - 53,France,23 Mar 2003,"Stadio Flaminio Rome, Italy"
647,29,Italy,19 - 30,France,03 Mar 2001,"Stadio Flaminio Rome, Italy"
648,30,Italy,9 - 22,France,17 Feb 1985,"Stadio di Monigo Treviso, Italy"
649,31,Italy,0 - 21,France,09 Apr 1966,"Naples Naples, Italy"
650,32,Italy,3 - 12,France,29 Mar 1964,"Stade Comunale Parma, Italy"
651,33,Italy,3 - 6,France,22 Apr 1962,"Mompiano Brescia, Italy"
652,34,Italy,0 - 26,France,17 Apr 1960,"Stadio di Monigo Treviso, Italy"
653,35,Italy,3 - 11,France,07 Apr 1958,"Naples Naples, Italy"
654,36,Italy,3 - 16,France,02 Apr 1956,"Stadio Plebiscito Padova, Italy"
655,37,Italy,12 - 39,France,24 Apr 1954,"Olympic Stadium Rome, Italy"
656,38,Italy,8 - 17,France,17 May 1952,"Arena Civica Milan, Italy"
657,39,Italy,0 - 29,France,15 Mar 2015,
658,40,Italy,18 - 40,France,11 Mar 2017,
659,1,France,34 - 21,Scotland,05 Feb 2011,"Stade de France Paris, France"
660,2,France,22 - 13,Scotland,14 Feb 2009,"Stade de France Paris, France"
661,3,France,46 - 19,Scotland,17 Mar 2007,"Stade de France Paris, France"
662,4,France,16 - 9,Scotland,05 Feb 2005,"Stade de France Paris, France"
663,5,France,51 - 9,Scotland,25 Oct 2003,"Stadium Australia Sydney, Australia"
664,6,France,38 - 3,Scotland,23 Feb 2003,"Stade de France Paris, France"
665,7,France,16 - 6,Scotland,04 Feb 2001,"Stade de France Paris, France"
666,8,France,22 - 36,Scotland,10 Apr 1999,"Stade de France Paris, France"
667,9,France,47 - 20,Scotland,15 Mar 1997,"Parc des Princes Paris, France"
668,10,France,22 - 19,Scotland,03 Jun 1995,"Loftus Pretoria, South Africa"
669,11,France,21 - 23,Scotland,18 Feb 1995,"Parc des Princes Paris, France"
670,12,France,11 - 3,Scotland,06 Feb 1993,"Parc des Princes Paris, France"
671,13,France,15 - 9,Scotland,19 Jan 1991,"Parc des Princes Paris, France"
672,14,France,19 - 3,Scotland,18 Mar 1989,"Parc des Princes Paris, France"
673,15,France,20 - 20,Scotland,23 May 1987,"Jade Stadium Christchurch, New Zealand"
674,16,France,28 - 22,Scotland,07 Mar 1987,"Parc des Princes Paris, France"
675,17,France,11 - 3,Scotland,16 Feb 1985,"Parc des Princes Paris, France"
676,18,France,19 - 15,Scotland,05 Feb 1983,"Parc des Princes Paris, France"
677,19,France,16 - 9,Scotland,17 Jan 1981,"Parc des Princes Paris, France"
678,20,France,21 - 17,Scotland,17 Mar 1979,"Parc des Princes Paris, France"
679,21,France,23 - 3,Scotland,05 Mar 1977,"Parc des Princes Paris, France"
680,22,France,10 - 9,Scotland,15 Feb 1975,"Parc des Princes Paris, France"
681,23,France,16 - 13,Scotland,13 Jan 1973,"Parc des Princes Paris, France"
682,24,France,13 - 8,Scotland,16 Jan 1971,"Stade Colombes Paris, France"
683,25,France,3 - 6,Scotland,11 Jan 1969,"Stade Colombes Paris, France"
684,26,France,8 - 9,Scotland,14 Jan 1967,"Stade Colombes Paris, France"
685,27,France,16 - 8,Scotland,09 Jan 1965,"Stade Colombes Paris, France"
686,28,France,6 - 11,Scotland,12 Jan 1963,"Stade Colombes Paris, France"
687,29,France,11 - 0,Scotland,07 Jan 1961,"Stade Colombes Paris, France"
688,30,France,9 - 0,Scotland,10 Jan 1959,"Stade Colombes Paris, France"
689,31,France,0 - 6,Scotland,12 Jan 1957,"Stade Colombes Paris, France"
690,32,France,15 - 0,Scotland,08 Jan 1955,"Stade Colombes Paris, France"
691,33,France,11 - 5,Scotland,10 Jan 1953,"Stade Colombes Paris, France"
692,34,France,14 - 12,Scotland,13 Jan 1951,"Stade Colombes Paris, France"
693,35,France,0 - 8,Scotland,15 Jan 1949,"Stade Colombes Paris, France"
694,36,France,8 - 3,Scotland,01 Jan 1947,"Stade Colombes Paris, France"
695,37,France,7 - 3,Scotland,01 Jan 1930,"Stade Colombes Paris, France"
696,38,France,6 - 15,Scotland,02 Jan 1928,"Stade Colombes Paris, France"
697,39,France,6 - 20,Scotland,02 Jan 1926,"Stade Colombes Paris, France"
698,40,France,12 - 10,Scotland,01 Jan 1924,"Charlety Stadium Paris, France"
699,41,France,3 - 3,Scotland,02 Jan 1922,"Stade Colombes Paris, France"
700,42,France,0 - 5,Scotland,01 Jan 1920,"Parc des Princes Paris, France"
701,43,France,3 - 21,Scotland,01 Jan 1913,"Parc des Princes Paris, France"
702,44,France,16 - 15,Scotland,02 Jan 1911,"Stade Colombes Paris, France"
703,45,France,15 - 8,Scotland,07 Feb 2015,
704,46,France,19 - 16,Scotland,05 Sep 2015,
705,47,France,22 - 16,Scotland,12 Feb 2017,
706,48,Scotland,17 - 19,France,08 Mar 2014,"Murrayfield Edinburgh, Scotland"
707,49,Scotland,17 - 23,France,26 Feb 2012,"Murrayfield Edinburgh, Scotland"
708,50,Scotland,9 - 18,France,07 Feb 2010,"Murrayfield Edinburgh, Scotland"
709,51,Scotland,6 - 27,France,03 Feb 2008,"Murrayfield Edinburgh, Scotland"
710,52,Scotland,20 - 16,France,05 Feb 2006,"Murrayfield Edinburgh, Scotland"
711,53,Scotland,0 - 31,France,21 Mar 2004,"Murrayfield Edinburgh, Scotland"
712,54,Scotland,10 - 22,France,23 Mar 2002,"Murrayfield Edinburgh, Scotland"
713,55,Scotland,16 - 28,France,04 Mar 2000,"Murrayfield Edinburgh, Scotland"
714,56,Scotland,16 - 51,France,21 Feb 1998,"Murrayfield Edinburgh, Scotland"
715,57,Scotland,19 - 14,France,03 Feb 1996,"Murrayfield Edinburgh, Scotland"
716,58,Scotland,12 - 20,France,19 Mar 1994,"Murrayfield Edinburgh, Scotland"
717,59,Scotland,10 - 6,France,07 Mar 1992,"Murrayfield Edinburgh, Scotland"
718,60,Scotland,21 - 0,France,17 Feb 1990,"Murrayfield Edinburgh, Scotland"
719,61,Scotland,23 - 12,France,06 Feb 1988,"Murrayfield Edinburgh, Scotland"
720,62,Scotland,18 - 17,France,18 Jan 1986,"Murrayfield Edinburgh, Scotland"
721,63,Scotland,21 - 12,France,17 Mar 1984,"Murrayfield Edinburgh, Scotland"
722,64,Scotland,16 - 7,France,06 Mar 1982,"Murrayfield Edinburgh, Scotland"
723,65,Scotland,22 - 14,France,16 Feb 1980,"Murrayfield Edinburgh, Scotland"
724,66,Scotland,16 - 19,France,04 Feb 1978,"Murrayfield Edinburgh, Scotland"
725,67,Scotland,6 - 13,France,10 Jan 1976,"Murrayfield Edinburgh, Scotland"
726,68,Scotland,19 - 6,France,16 Mar 1974,"Murrayfield Edinburgh, Scotland"
727,69,Scotland,20 - 9,France,15 Jan 1972,"Murrayfield Edinburgh, Scotland"
728,70,Scotland,9 - 11,France,10 Jan 1970,"Murrayfield Edinburgh, Scotland"
729,71,Scotland,6 - 8,France,13 Jan 1968,"Murrayfield Edinburgh, Scotland"
730,72,Scotland,3 - 3,France,15 Jan 1966,"Murrayfield Edinburgh, Scotland"
731,73,Scotland,10 - 0,France,04 Jan 1964,"Murrayfield Edinburgh, Scotland"
732,74,Scotland,3 - 11,France,13 Jan 1962,"Murrayfield Edinburgh, Scotland"
733,75,Scotland,11 - 13,France,09 Jan 1960,"Murrayfield Edinburgh, Scotland"
734,76,Scotland,11 - 9,France,11 Jan 1958,"Murrayfield Edinburgh, Scotland"
735,77,Scotland,12 - 0,France,14 Jan 1956,"Murrayfield Edinburgh, Scotland"
736,78,Scotland,0 - 3,France,09 Jan 1954,"Murrayfield Edinburgh, Scotland"
737,79,Scotland,11 - 13,France,12 Jan 1952,"Murrayfield Edinburgh, Scotland"
738,80,Scotland,8 - 5,France,14 Jan 1950,"Murrayfield Edinburgh, Scotland"
739,81,Scotland,9 - 8,France,24 Jan 1948,"Murrayfield Edinburgh, Scotland"
740,82,Scotland,6 - 4,France,24 Jan 1931,"Murrayfield Edinburgh, Scotland"
741,83,Scotland,6 - 3,France,19 Jan 1929,"Murrayfield Edinburgh, Scotland"
742,84,Scotland,23 - 6,France,22 Jan 1927,"Murrayfield Edinburgh, Scotland"
743,85,Scotland,25 - 4,France,24 Jan 1925,"Inverleith Edinburgh, Scotland"
744,86,Scotland,16 - 3,France,20 Jan 1923,"Inverleith Edinburgh, Scotland"
745,87,Scotland,0 - 3,France,22 Jan 1921,"Inverleith Edinburgh, Scotland"
746,88,Scotland,31 - 3,France,20 Jan 1912,"Inverleith Edinburgh, Scotland"
747,89,Scotland,27 - 0,France,22 Jan 1910,"Inverleith Edinburgh, Scotland"
748,90,Scotland,29 - 18,France,13 Mar 2016,
749,91,Scotland,32 - 26,France,11 Feb 2018,
750,1,France,28 - 9,Wales,19 Mar 2011,"Stade de France Paris, France"
751,2,France,21 - 16,Wales,27 Feb 2009,"Stade de France Paris, France"
752,3,France,32 - 21,Wales,24 Feb 2007,"Stade de France Paris, France"
753,4,France,18 - 24,Wales,26 Feb 2005,"Stade de France Paris, France"
754,5,France,33 - 5,Wales,29 Mar 2003,"Stade de France Paris, France"
755,6,France,35 - 43,Wales,17 Mar 2001,"Stade de France Paris, France"
756,7,France,33 - 34,Wales,06 Mar 1999,"Stade de France Paris, France"
757,8,France,51 - 0,Wales,05 Apr 1998,"Wembley Stadium London, England"
758,9,France,27 - 22,Wales,15 Feb 1997,"Parc des Princes Paris, France"
759,10,France,21 - 9,Wales,21 Jan 1995,"Parc des Princes Paris, France"
760,11,France,26 - 10,Wales,20 Mar 1993,"Parc des Princes Paris, France"
761,12,France,36 - 3,Wales,02 Mar 1991,"Parc des Princes Paris, France"
762,13,France,31 - 12,Wales,18 Feb 1989,"Parc des Princes Paris, France"
763,14,France,16 - 9,Wales,07 Feb 1987,"Parc des Princes Paris, France"
764,15,France,14 - 3,Wales,30 Mar 1985,"Parc des Princes Paris, France"
765,16,France,16 - 9,Wales,19 Mar 1983,"Parc des Princes Paris, France"
766,17,France,19 - 15,Wales,07 Mar 1981,"Parc des Princes Paris, France"
767,18,France,14 - 13,Wales,17 Feb 1979,"Parc des Princes Paris, France"
768,19,France,16 - 9,Wales,05 Feb 1977,"Parc des Princes Paris, France"
769,20,France,10 - 25,Wales,18 Jan 1975,"Parc des Princes Paris, France"
770,21,France,12 - 3,Wales,24 Mar 1973,"Parc des Princes Paris, France"
771,22,France,5 - 9,Wales,27 Mar 1971,"Stade Colombes Paris, France"
772,23,France,8 - 8,Wales,22 Mar 1969,"Stade Colombes Paris, France"
773,24,France,20 - 14,Wales,01 Apr 1967,"Stade Colombes Paris, France"
774,25,France,22 - 13,Wales,27 Mar 1965,"Stade Colombes Paris, France"
775,26,France,5 - 3,Wales,23 Mar 1963,"Stade Colombes Paris, France"
776,27,France,8 - 6,Wales,25 Mar 1961,"Stade Colombes Paris, France"
777,28,France,11 - 3,Wales,04 Apr 1959,"Stade Colombes Paris, France"
778,29,France,13 - 19,Wales,23 Mar 1957,"Stade Colombes Paris, France"
779,30,France,11 - 16,Wales,26 Mar 1955,"Stade Colombes Paris, France"
780,31,France,3 - 6,Wales,28 Mar 1953,"Stade Colombes Paris, France"
781,32,France,8 - 3,Wales,07 Apr 1951,"Stade Colombes Paris, France"
782,33,France,5 - 3,Wales,26 Mar 1949,"Stade Colombes Paris, France"
783,34,France,0 - 3,Wales,22 Mar 1947,"Stade Colombes Paris, France"
784,35,France,0 - 11,Wales,21 Apr 1930,"Stade Colombes Paris, France"
785,36,France,8 - 3,Wales,09 Apr 1928,"Stade Colombes Paris, France"
786,37,France,5 - 7,Wales,05 Apr 1926,"Stade Colombes Paris, France"
787,38,France,6 - 10,Wales,27 Mar 1924,"Stade Colombes Paris, France"
788,39,France,3 - 11,Wales,23 Mar 1922,"Stade Colombes Paris, France"
789,40,France,5 - 6,Wales,17 Feb 1920,"Stade Colombes Paris, France"
790,41,France,8 - 11,Wales,27 Feb 1913,"Parc des Princes Paris, France"
791,42,France,0 - 15,Wales,28 Feb 1911,"Parc des Princes Paris, France"
792,43,France,5 - 47,Wales,23 Feb 1909,"Stade Colombes Paris, France"
793,44,France,13 - 20,Wales,28 Feb 2015,
794,45,France,20 - 18,Wales,18 Mar 2017,
795,46,Wales,27 - 6,France,21 Feb 2014,"Millennium Stadium Cardiff, Wales"
796,47,Wales,16 - 9,France,17 Mar 2012,"Millennium Stadium Cardiff, Wales"
797,48,Wales,8 - 9,France,15 Oct 2011,"Eden Park Auckland, New Zealand"
798,49,Wales,20 - 26,France,26 Feb 2010,"Millennium Stadium Cardiff, Wales"
799,50,Wales,29 - 12,France,15 Mar 2008,"Millennium Stadium Cardiff, Wales"
800,51,Wales,7 - 34,France,26 Aug 2007,"Millennium Stadium Cardiff, Wales"
801,52,Wales,16 - 21,France,18 Mar 2006,"Millennium Stadium Cardiff, Wales"
802,53,Wales,22 - 29,France,07 Mar 2004,"Millennium Stadium Cardiff, Wales"
803,54,Wales,33 - 37,France,16 Feb 2002,"Millennium Stadium Cardiff, Wales"
804,55,Wales,3 - 36,France,05 Feb 2000,"Millennium Stadium Cardiff, Wales"
805,56,Wales,34 - 23,France,28 Aug 1999,"Millennium Stadium Cardiff, Wales"
806,57,Wales,33 - 40,France,25 Sep 1996,"Millennium Stadium Cardiff, Wales"
807,58,Wales,16 - 15,France,16 Mar 1996,"Millennium Stadium Cardiff, Wales"
808,59,Wales,24 - 15,France,19 Feb 1994,"Millennium Stadium Cardiff, Wales"
809,60,Wales,9 - 12,France,01 Feb 1992,"Millennium Stadium Cardiff, Wales"
810,61,Wales,9 - 22,France,04 Sep 1991,"Millennium Stadium Cardiff, Wales"
811,62,Wales,19 - 29,France,20 Jan 1990,"Millennium Stadium Cardiff, Wales"
812,63,Wales,9 - 10,France,19 Mar 1988,"Millennium Stadium Cardiff, Wales"
813,64,Wales,15 - 23,France,01 Mar 1986,"Millennium Stadium Cardiff, Wales"
814,65,Wales,16 - 21,France,18 Feb 1984,"Millennium Stadium Cardiff, Wales"
815,66,Wales,22 - 12,France,06 Feb 1982,"Millennium Stadium Cardiff, Wales"
816,67,Wales,18 - 9,France,19 Jan 1980,"Millennium Stadium Cardiff, Wales"
817,68,Wales,16 - 7,France,18 Mar 1978,"Millennium Stadium Cardiff, Wales"
818,69,Wales,19 - 13,France,06 Mar 1976,"Millennium Stadium Cardiff, Wales"
819,70,Wales,16 - 16,France,16 Feb 1974,"Millennium Stadium Cardiff, Wales"
820,71,Wales,20 - 6,France,25 Mar 1972,"Millennium Stadium Cardiff, Wales"
821,72,Wales,11 - 6,France,04 Apr 1970,"Millennium Stadium Cardiff, Wales"
822,73,Wales,9 - 14,France,23 Mar 1968,"Millennium Stadium Cardiff, Wales"
823,74,Wales,9 - 8,France,26 Mar 1966,"Millennium Stadium Cardiff, Wales"
824,75,Wales,11 - 11,France,21 Mar 1964,"Millennium Stadium Cardiff, Wales"
825,76,Wales,3 - 0,France,24 Mar 1962,"Millennium Stadium Cardiff, Wales"
826,77,Wales,8 - 16,France,26 Mar 1960,"Millennium Stadium Cardiff, Wales"
827,78,Wales,6 - 16,France,29 Mar 1958,"Millennium Stadium Cardiff, Wales"
828,79,Wales,5 - 3,France,24 Mar 1956,"Millennium Stadium Cardiff, Wales"
829,80,Wales,19 - 13,France,27 Mar 1954,"Millennium Stadium Cardiff, Wales"
830,81,Wales,9 - 5,France,22 Mar 1952,"St Helens Swansea, Wales"
831,82,Wales,21 - 0,France,25 Mar 1950,"Millennium Stadium Cardiff, Wales"
832,83,Wales,3 - 11,France,21 Feb 1948,"St Helens Swansea, Wales"
833,84,Wales,35 - 3,France,28 Feb 1931,"St Helens Swansea, Wales"
834,85,Wales,8 - 3,France,23 Feb 1929,"Millennium Stadium Cardiff, Wales"
835,86,Wales,25 - 7,France,26 Feb 1927,"St Helens Swansea, Wales"
836,87,Wales,11 - 5,France,28 Feb 1925,"Millennium Stadium Cardiff, Wales"
837,88,Wales,16 - 8,France,24 Feb 1923,"St Helens Swansea, Wales"
838,89,Wales,12 - 4,France,26 Feb 1921,"Millennium Stadium Cardiff, Wales"
839,90,Wales,31 - 0,France,02 Mar 1914,"St Helens Swansea, Wales"
840,91,Wales,14 - 8,France,25 Mar 1912,"Rodney Parade Newport, Wales"
841,92,Wales,49 - 14,France,01 Jan 1910,"St Helens Swansea, Wales"
842,93,Wales,36 - 4,France,02 Mar 1908,"Cardiff Arms Park Cardiff, Wales"
843,94,Wales,19 - 10,France,26 Feb 2016,
844,95,Wales,14 - 13,France,17 Mar 2018,
845,1,Ireland,32 - 14,Scotland,10 Mar 2012,"Aviva Stadium Dublin, Ireland"
846,2,Ireland,20 - 23,Scotland,20 Mar 2010,"Croke Park Dublin, Ireland"
847,3,Ireland,34 - 13,Scotland,23 Feb 2008,"Croke Park Dublin, Ireland"
848,4,Ireland,15 - 9,Scotland,11 Mar 2006,"Lansdowne Road Dublin, Ireland"
849,5,Ireland,37 - 16,Scotland,27 Mar 2004,"Lansdowne Road Dublin, Ireland"
850,6,Ireland,43 - 22,Scotland,02 Mar 2002,"Lansdowne Road Dublin, Ireland"
851,7,Ireland,44 - 22,Scotland,19 Feb 2000,"Lansdowne Road Dublin, Ireland"
852,8,Ireland,16 - 17,Scotland,07 Feb 1998,"Lansdowne Road Dublin, Ireland"
853,9,Ireland,10 - 16,Scotland,20 Jan 1996,"Lansdowne Road Dublin, Ireland"
854,10,Ireland,6 - 6,Scotland,05 Mar 1994,"Lansdowne Road Dublin, Ireland"
855,11,Ireland,10 - 18,Scotland,15 Feb 1992,"Lansdowne Road Dublin, Ireland"
856,12,Ireland,10 - 13,Scotland,03 Feb 1990,"Lansdowne Road Dublin, Ireland"
857,13,Ireland,22 - 18,Scotland,16 Jan 1988,"Lansdowne Road Dublin, Ireland"
858,14,Ireland,9 - 10,Scotland,15 Mar 1986,"Lansdowne Road Dublin, Ireland"
859,15,Ireland,9 - 32,Scotland,03 Mar 1984,"Lansdowne Road Dublin, Ireland"
860,16,Ireland,21 - 12,Scotland,20 Feb 1982,"Lansdowne Road Dublin, Ireland"
861,17,Ireland,22 - 15,Scotland,02 Feb 1980,"Lansdowne Road Dublin, Ireland"
862,18,Ireland,12 - 9,Scotland,21 Jan 1978,"Lansdowne Road Dublin, Ireland"
863,19,Ireland,6 - 15,Scotland,20 Mar 1976,"Lansdowne Road Dublin, Ireland"
864,20,Ireland,9 - 6,Scotland,02 Mar 1974,"Lansdowne Road Dublin, Ireland"
865,21,Ireland,16 - 11,Scotland,28 Feb 1970,"Lansdowne Road Dublin, Ireland"
866,22,Ireland,14 - 6,Scotland,24 Feb 1968,"Lansdowne Road Dublin, Ireland"
867,23,Ireland,3 - 11,Scotland,26 Feb 1966,"Lansdowne Road Dublin, Ireland"
868,24,Ireland,3 - 6,Scotland,22 Feb 1964,"Lansdowne Road Dublin, Ireland"
869,25,Ireland,6 - 20,Scotland,24 Feb 1962,"Lansdowne Road Dublin, Ireland"
870,26,Ireland,5 - 6,Scotland,27 Feb 1960,"Lansdowne Road Dublin, Ireland"
871,27,Ireland,12 - 6,Scotland,01 Mar 1958,"Lansdowne Road Dublin, Ireland"
872,28,Ireland,14 - 10,Scotland,25 Feb 1956,"Lansdowne Road Dublin, Ireland"
873,29,Ireland,6 - 0,Scotland,27 Feb 1954,"Ravenhill Belfast, Ireland"
874,30,Ireland,12 - 8,Scotland,23 Feb 1952,"Lansdowne Road Dublin, Ireland"
875,31,Ireland,21 - 0,Scotland,25 Feb 1950,"Lansdowne Road Dublin, Ireland"
876,32,Ireland,6 - 0,Scotland,28 Feb 1948,"Lansdowne Road Dublin, Ireland"
877,33,Ireland,12 - 3,Scotland,25 Feb 1939,"Lansdowne Road Dublin, Ireland"
878,34,Ireland,11 - 4,Scotland,27 Feb 1937,"Lansdowne Road Dublin, Ireland"
879,35,Ireland,12 - 5,Scotland,23 Feb 1935,"Lansdowne Road Dublin, Ireland"
880,36,Ireland,6 - 8,Scotland,01 Apr 1933,"Lansdowne Road Dublin, Ireland"
881,37,Ireland,8 - 5,Scotland,28 Feb 1931,"Lansdowne Road Dublin, Ireland"
882,38,Ireland,7 - 16,Scotland,23 Feb 1929,"Lansdowne Road Dublin, Ireland"
883,39,Ireland,6 - 0,Scotland,26 Feb 1927,"Lansdowne Road Dublin, Ireland"
884,40,Ireland,8 - 14,Scotland,28 Feb 1925,"Lansdowne Road Dublin, Ireland"
885,41,Ireland,3 - 13,Scotland,24 Feb 1923,"Lansdowne Road Dublin, Ireland"
886,42,Ireland,9 - 8,Scotland,26 Feb 1921,"Lansdowne Road Dublin, Ireland"
887,43,Ireland,6 - 0,Scotland,28 Feb 1914,"Lansdowne Road Dublin, Ireland"
888,44,Ireland,10 - 8,Scotland,24 Feb 1912,"Lansdowne Road Dublin, Ireland"
889,45,Ireland,0 - 14,Scotland,26 Feb 1910,"Balmoral Showground Belfast, Ireland"
890,46,Ireland,16 - 11,Scotland,29 Feb 1908,"Lansdowne Road Dublin, Ireland"
891,47,Ireland,6 - 13,Scotland,24 Feb 1906,"Lansdowne Road Dublin, Ireland"
892,48,Ireland,3 - 19,Scotland,27 Feb 1904,"Lansdowne Road Dublin, Ireland"
893,49,Ireland,5 - 0,Scotland,22 Feb 1902,"Balmoral Showground Belfast, Ireland"
894,50,Ireland,0 - 0,Scotland,24 Feb 1900,"Lansdowne Road Dublin, Ireland"
895,51,Ireland,0 - 8,Scotland,19 Feb 1898,"Balmoral Showground Belfast, Ireland"
896,52,Ireland,0 - 0,Scotland,15 Feb 1896,"Lansdowne Road Dublin, Ireland"
897,53,Ireland,5 - 0,Scotland,24 Feb 1894,"Lansdowne Road Dublin, Ireland"
898,54,Ireland,0 - 0,Scotland,18 Feb 1893,"Ballynafeigh Belfast, Ireland"
899,55,Ireland,0 - 14,Scotland,21 Feb 1891,"Ballynafeigh Belfast, Ireland"
900,56,Ireland,0 - 3,Scotland,16 Feb 1889,"Ormeau Belfast, Ireland"
901,57,Ireland,0 - 8,Scotland,19 Feb 1887,"Ormeau Belfast, Ireland"
902,58,Ireland,0 - 1,Scotland,21 Feb 1885,"Ormeau Belfast, Ireland"
903,59,Ireland,0 - 4,Scotland,17 Feb 1883,"Ormeau Belfast, Ireland"
904,60,Ireland,3 - 1,Scotland,19 Feb 1881,"Ormeau Belfast, Ireland"
905,61,Ireland,0 - 7,Scotland,17 Feb 1879,"Ormeau Belfast, Ireland"
906,62,Ireland,0 - 20,Scotland,19 Feb 1877,"Ormeau Belfast, Ireland"
907,63,Ireland,28 - 22,Scotland,15 Aug 2015,
908,64,Ireland,28 - 8,Scotland,10 Mar 2018,
909,65,Ireland,35 - 25,Scotland,19 Mar 2016,
910,66,Scotland,12 - 8,Ireland,24 Feb 2013,"Murrayfield Edinburgh, Scotland"
911,67,Scotland,10 - 6,Ireland,06 Aug 2011,"Murrayfield Edinburgh, Scotland"
912,68,Scotland,18 - 21,Ireland,27 Feb 2011,"Murrayfield Edinburgh, Scotland"
913,69,Scotland,15 - 22,Ireland,14 Mar 2009,"Murrayfield Edinburgh, Scotland"
914,70,Scotland,31 - 21,Ireland,11 Aug 2007,"Murrayfield Edinburgh, Scotland"
915,71,Scotland,18 - 19,Ireland,10 Mar 2007,"Murrayfield Edinburgh, Scotland"
916,72,Scotland,13 - 40,Ireland,12 Feb 2005,"Murrayfield Edinburgh, Scotland"
917,73,Scotland,10 - 29,Ireland,06 Sep 2003,"Murrayfield Edinburgh, Scotland"
918,74,Scotland,6 - 36,Ireland,16 Feb 2003,"Murrayfield Edinburgh, Scotland"
919,75,Scotland,32 - 10,Ireland,22 Sep 2001,"Murrayfield Edinburgh, Scotland"
920,76,Scotland,30 - 13,Ireland,20 Mar 1999,"Murrayfield Edinburgh, Scotland"
921,77,Scotland,38 - 10,Ireland,01 Mar 1997,"Murrayfield Edinburgh, Scotland"
922,78,Scotland,26 - 13,Ireland,04 Feb 1995,"Murrayfield Edinburgh, Scotland"
923,79,Scotland,15 - 3,Ireland,16 Jan 1993,"Murrayfield Edinburgh, Scotland"
924,80,Scotland,24 - 15,Ireland,12 Oct 1991,"Murrayfield Edinburgh, Scotland"
925,81,Scotland,28 - 25,Ireland,16 Mar 1991,"Murrayfield Edinburgh, Scotland"
926,82,Scotland,37 - 21,Ireland,04 Mar 1989,"Murrayfield Edinburgh, Scotland"
927,83,Scotland,16 - 12,Ireland,21 Feb 1987,"Murrayfield Edinburgh, Scotland"
928,84,Scotland,15 - 18,Ireland,02 Feb 1985,"Murrayfield Edinburgh, Scotland"
929,85,Scotland,13 - 15,Ireland,15 Jan 1983,"Murrayfield Edinburgh, Scotland"
930,86,Scotland,10 - 9,Ireland,21 Mar 1981,"Murrayfield Edinburgh, Scotland"
931,87,Scotland,11 - 11,Ireland,03 Mar 1979,"Murrayfield Edinburgh, Scotland"
932,88,Scotland,21 - 18,Ireland,19 Feb 1977,"Murrayfield Edinburgh, Scotland"
933,89,Scotland,20 - 13,Ireland,01 Feb 1975,"Murrayfield Edinburgh, Scotland"
934,90,Scotland,19 - 14,Ireland,24 Feb 1973,"Murrayfield Edinburgh, Scotland"
935,91,Scotland,5 - 17,Ireland,27 Feb 1971,"Murrayfield Edinburgh, Scotland"
936,92,Scotland,0 - 16,Ireland,22 Feb 1969,"Murrayfield Edinburgh, Scotland"
937,93,Scotland,3 - 5,Ireland,25 Feb 1967,"Murrayfield Edinburgh, Scotland"
938,94,Scotland,6 - 16,Ireland,27 Feb 1965,"Murrayfield Edinburgh, Scotland"
939,95,Scotland,3 - 0,Ireland,23 Feb 1963,"Murrayfield Edinburgh, Scotland"
940,96,Scotland,16 - 8,Ireland,25 Feb 1961,"Murrayfield Edinburgh, Scotland"
941,97,Scotland,3 - 8,Ireland,28 Feb 1959,"Murrayfield Edinburgh, Scotland"
942,98,Scotland,3 - 5,Ireland,23 Feb 1957,"Murrayfield Edinburgh, Scotland"
943,99,Scotland,12 - 3,Ireland,26 Feb 1955,"Murrayfield Edinburgh, Scotland"
944,100,Scotland,8 - 26,Ireland,28 Feb 1953,"Murrayfield Edinburgh, Scotland"
945,101,Scotland,5 - 6,Ireland,24 Feb 1951,"Murrayfield Edinburgh, Scotland"
946,102,Scotland,3 - 13,Ireland,26 Feb 1949,"Murrayfield Edinburgh, Scotland"
947,103,Scotland,0 - 3,Ireland,22 Feb 1947,"Murrayfield Edinburgh, Scotland"
948,104,Scotland,23 - 14,Ireland,26 Feb 1938,"Murrayfield Edinburgh, Scotland"
949,105,Scotland,4 - 10,Ireland,22 Feb 1936,"Murrayfield Edinburgh, Scotland"
950,106,Scotland,16 - 9,Ireland,24 Feb 1934,"Murrayfield Edinburgh, Scotland"
951,107,Scotland,8 - 20,Ireland,27 Feb 1932,"Murrayfield Edinburgh, Scotland"
952,108,Scotland,11 - 14,Ireland,22 Feb 1930,"Murrayfield Edinburgh, Scotland"
953,109,Scotland,5 - 13,Ireland,25 Feb 1928,"Murrayfield Edinburgh, Scotland"
954,110,Scotland,0 - 3,Ireland,27 Feb 1926,"Murrayfield Edinburgh, Scotland"
955,111,Scotland,13 - 8,Ireland,23 Feb 1924,"Inverleith Edinburgh, Scotland"
956,112,Scotland,6 - 3,Ireland,25 Feb 1922,"Inverleith Edinburgh, Scotland"
957,113,Scotland,19 - 0,Ireland,28 Feb 1920,"Inverleith Edinburgh, Scotland"
958,114,Scotland,29 - 14,Ireland,22 Feb 1913,"Inverleith Edinburgh, Scotland"
959,115,Scotland,10 - 16,Ireland,25 Feb 1911,"Inverleith Edinburgh, Scotland"
960,116,Scotland,9 - 3,Ireland,27 Feb 1909,"Inverleith Edinburgh, Scotland"
961,117,Scotland,15 - 3,Ireland,23 Feb 1907,"Inverleith Edinburgh, Scotland"
962,118,Scotland,5 - 11,Ireland,25 Feb 1905,"Inverleith Edinburgh, Scotland"
963,119,Scotland,3 - 0,Ireland,28 Feb 1903,"Inverleith Edinburgh, Scotland"
964,120,Scotland,9 - 5,Ireland,23 Feb 1901,"Inverleith Edinburgh, Scotland"
965,121,Scotland,3 - 9,Ireland,18 Feb 1899,"Inverleith Edinburgh, Scotland"
966,122,Scotland,8 - 3,Ireland,20 Feb 1897,"Powderhall Edinburgh, Scotland"
967,123,Scotland,6 - 0,Ireland,02 Mar 1895,"Raeburn Place Edinburgh, Scotland"
968,124,Scotland,2 - 0,Ireland,20 Feb 1892,"Raeburn Place Edinburgh, Scotland"
969,125,Scotland,5 - 0,Ireland,22 Feb 1890,"Raeburn Place Edinburgh, Scotland"
970,126,Scotland,3 - 0,Ireland,10 Mar 1888,"Raeburn Place Edinburgh, Scotland"
971,127,Scotland,14 - 0,Ireland,20 Feb 1886,"Raeburn Place Edinburgh, Scotland"
972,128,Scotland,5 - 0,Ireland,07 Mar 1885,"Raeburn Place Edinburgh, Scotland"
973,129,Scotland,8 - 1,Ireland,16 Feb 1884,"Raeburn Place Edinburgh, Scotland"
974,130,Scotland,2 - 0,Ireland,18 Feb 1882,"Hamilton Crescent Glasgow, Scotland"
975,131,Scotland,11 - 0,Ireland,14 Feb 1880,"Hamilton Crescent Glasgow, Scotland"
976,132,Scotland,10 - 40,Ireland,21 Mar 2015,
977,133,Scotland,27 - 22,Ireland,04 Feb 2017,
978,1,Italy,11 - 13,Ireland,05 Feb 2011,"Stadio Flaminio Rome, Italy"
979,2,Italy,9 - 38,Ireland,15 Feb 2009,"Stadio Flaminio Rome, Italy"
980,3,Italy,24 - 51,Ireland,17 Mar 2007,"Stadio Flaminio Rome, Italy"
981,4,Italy,17 - 28,Ireland,06 Feb 2005,"Stadio Flaminio Rome, Italy"
982,5,Italy,13 - 37,Ireland,22 Feb 2003,"Stadio Flaminio Rome, Italy"
983,6,Italy,22 - 41,Ireland,03 Feb 2001,"Stadio Flaminio Rome, Italy"
984,7,Italy,37 - 22,Ireland,20 Dec 1997,"Bologna Bologna, Italy"
985,8,Italy,22 - 12,Ireland,06 May 1995,"Stadio di Monigo Treviso, Italy"
986,9,Italy,3 - 26,Ireland,07 Feb 2015,
987,10,Italy,10 - 63,Ireland,11 Feb 2017,
988,11,Ireland,46 - 7,Italy,08 Mar 2014,"Aviva Stadium Dublin, Ireland"
989,12,Ireland,42 - 10,Italy,25 Feb 2012,"Aviva Stadium Dublin, Ireland"
990,13,Ireland,36 - 6,Italy,02 Oct 2011,"Otago Stadium Dunedin, New Zealand"
991,14,Ireland,29 - 11,Italy,06 Feb 2010,"Croke Park Dublin, Ireland"
992,15,Ireland,16 - 11,Italy,02 Feb 2008,"Croke Park Dublin, Ireland"
993,16,Ireland,23 - 20,Italy,24 Aug 2007,"Lansdowne Road Dublin, Ireland"
994,17,Ireland,26 - 16,Italy,04 Feb 2006,"Lansdowne Road Dublin, Ireland"
995,18,Ireland,19 - 3,Italy,20 Mar 2004,"Lansdowne Road Dublin, Ireland"
996,19,Ireland,61 - 6,Italy,30 Aug 2003,"Thomond Park Limerick, Ireland"
997,20,Ireland,32 - 17,Italy,23 Mar 2002,"Lansdowne Road Dublin, Ireland"
998,21,Ireland,60 - 13,Italy,04 Mar 2000,"Lansdowne Road Dublin, Ireland"
999,22,Ireland,39 - 30,Italy,10 Apr 1999,"Lansdowne Road Dublin, Ireland"
1000,23,Ireland,29 - 37,Italy,04 Jan 1997,"Lansdowne Road Dublin, Ireland"
1001,24,Ireland,31 - 15,Italy,31 Dec 1988,"Lansdowne Road Dublin, Ireland"
1002,25,Ireland,16 - 9,Italy,04 Oct 2015,
1003,26,Ireland,58 - 15,Italy,12 Mar 2016,
1004,27,Ireland,56 - 19,Italy,10 Feb 2018,
1005,28,Ireland,54 - 7,Italy,03 Nov 2018,
1006,1,Italy,13 - 6,Scotland,17 Mar 2012,"Stadio Olimpico Rome, Italy"
1007,2,Italy,16 - 12,Scotland,27 Feb 2010,"Stadio Flaminio Rome, Italy"
1008,3,Italy,23 - 20,Scotland,15 Mar 2008,"Stadio Flaminio Rome, Italy"
1009,4,Italy,10 - 13,Scotland,18 Mar 2006,"Stadio Flaminio Rome, Italy"
1010,5,Italy,20 - 14,Scotland,06 Mar 2004,"Stadio Flaminio Rome, Italy"
1011,6,Italy,12 - 29,Scotland,16 Feb 2002,"Stadio Flaminio Rome, Italy"
1012,7,Italy,34 - 20,Scotland,05 Feb 2000,"Stadio Flaminio Rome, Italy"
1013,8,Italy,25 - 21,Scotland,24 Jan 1998,"Stadio di Monigo Treviso, Italy"
1014,9,Italy,12 - 16,Scotland,22 Aug 2015,
1015,10,Italy,20 - 36,Scotland,27 Feb 2016,
1016,11,Italy,27 - 29,Scotland,17 Mar 2018,
1017,12,Italy,13 - 34,Scotland,10 Jun 2017,
1018,13,Scotland,30 - 29,Italy,22 Jun 2013,
1019,14,Scotland,34 - 10,Italy,09 Feb 2013,"Murrayfield Edinburgh, Scotland"
1020,15,Scotland,23 - 12,Italy,20 Aug 2011,"Murrayfield Edinburgh, Scotland"
1021,16,Scotland,21 - 8,Italy,19 Mar 2011,"Murrayfield Edinburgh, Scotland"
1022,17,Scotland,26 - 6,Italy,28 Feb 2009,"Murrayfield Edinburgh, Scotland"
1023,18,Scotland,18 - 16,Italy,29 Sep 2007,"Stade Geoffroy-Guichard St Etienne, France"
1024,19,Scotland,17 - 37,Italy,24 Feb 2007,"Murrayfield Edinburgh, Scotland"
1025,20,Scotland,18 - 10,Italy,26 Feb 2005,"Murrayfield Edinburgh, Scotland"
1026,21,Scotland,47 - 15,Italy,23 Aug 2003,"Murrayfield Edinburgh, Scotland"
1027,22,Scotland,33 - 25,Italy,29 Mar 2003,"Murrayfield Edinburgh, Scotland"
1028,23,Scotland,23 - 19,Italy,17 Mar 2001,"Murrayfield Edinburgh, Scotland"
1029,24,Scotland,30 - 12,Italy,06 Mar 1999,"Murrayfield Edinburgh, Scotland"
1030,25,Scotland,29 - 22,Italy,14 Dec 1996,"Murrayfield Edinburgh, Scotland"
1031,26,Scotland,19 - 22,Italy,28 Feb 2015,
1032,27,Scotland,48 - 7,Italy,29 Aug 2015,
1033,28,Scotland,29 - 0,Italy,18 Mar 2017,
1034,1,Italy,16 - 24,Wales,26 Feb 2011,"Stadio Flaminio Rome, Italy"
1035,2,Italy,15 - 20,Wales,14 Mar 2009,"Stadio Flaminio Rome, Italy"
1036,3,Italy,23 - 20,Wales,10 Mar 2007,"Stadio Flaminio Rome, Italy"
1037,4,Italy,8 - 38,Wales,12 Feb 2005,"Stadio Flaminio Rome, Italy"
1038,5,Italy,15 - 27,Wales,25 Oct 2003,"Bruce Stadium Canberra, Australia"
1039,6,Italy,30 - 22,Wales,15 Feb 2003,"Stadio Flaminio Rome, Italy"
1040,7,Italy,23 - 33,Wales,08 Apr 2001,"Stadio Flaminio Rome, Italy"
1041,8,Italy,21 - 60,Wales,20 Mar 1999,"Stadio di Monigo Treviso, Italy"
1042,9,Italy,22 - 31,Wales,05 Oct 1996,"Olympic Stadium Rome, Italy"
1043,10,Italy,20 - 61,Wales,21 Mar 2015,
1044,11,Italy,7 - 33,Wales,05 Feb 2017,
1045,12,Wales,23 - 15,Italy,01 Feb 2014,"Millennium Stadium Cardiff, Wales"
1046,13,Wales,24 - 3,Italy,10 Mar 2012,"Millennium Stadium Cardiff, Wales"
1047,14,Wales,33 - 10,Italy,20 Mar 2010,"Millennium Stadium Cardiff, Wales"
1048,15,Wales,47 - 8,Italy,23 Feb 2008,"Millennium Stadium Cardiff, Wales"
1049,16,Wales,18 - 18,Italy,11 Mar 2006,"Millennium Stadium Cardiff, Wales"
1050,17,Wales,44 - 10,Italy,27 Mar 2004,"Millennium Stadium Cardiff, Wales"
1051,18,Wales,44 - 20,Italy,02 Mar 2002,"Millennium Stadium Cardiff, Wales"
1052,19,Wales,47 - 16,Italy,19 Feb 2000,"Millennium Stadium Cardiff, Wales"
1053,20,Wales,23 - 20,Italy,07 Feb 1998,"Stradey Park Llanelli, Wales"
1054,21,Wales,31 - 26,Italy,16 Jan 1996,"Millennium Stadium Cardiff, Wales"
1055,22,Wales,29 - 19,Italy,12 Oct 1994,"Millennium Stadium Cardiff, Wales"
1056,23,Wales,23 - 19,Italy,05 Sep 2015,
1057,24,Wales,38 - 14,Italy,11 Mar 2018,
1058,25,Wales,67 - 14,Italy,19 Mar 2016,
1059,1,Wales,19 - 13,Ireland,12 Mar 2011,"Millennium Stadium Cardiff, Wales"
1060,2,Wales,15 - 17,Ireland,21 Mar 2009,"Millennium Stadium Cardiff, Wales"
1061,3,Wales,9 - 19,Ireland,04 Feb 2007,"Millennium Stadium Cardiff, Wales"
1062,4,Wales,32 - 20,Ireland,19 Mar 2005,"Millennium Stadium Cardiff, Wales"
1063,5,Wales,24 - 25,Ireland,22 Mar 2003,"Millennium Stadium Cardiff, Wales"
1064,6,Wales,6 - 36,Ireland,13 Oct 2001,"Millennium Stadium Cardiff, Wales"
1065,7,Wales,23 - 29,Ireland,20 Feb 1999,"Wembley Stadium London, England"
1066,8,Wales,25 - 26,Ireland,01 Feb 1997,"Millennium Stadium Cardiff, Wales"
1067,9,Wales,12 - 16,Ireland,18 Mar 1995,"Millennium Stadium Cardiff, Wales"
1068,10,Wales,14 - 19,Ireland,06 Mar 1993,"Millennium Stadium Cardiff, Wales"
1069,11,Wales,21 - 21,Ireland,16 Feb 1991,"Millennium Stadium Cardiff, Wales"
1070,12,Wales,13 - 19,Ireland,04 Feb 1989,"Millennium Stadium Cardiff, Wales"
1071,13,Wales,11 - 15,Ireland,04 Apr 1987,"Cardiff Arms Park Cardiff, Wales"
1072,14,Wales,9 - 21,Ireland,16 Mar 1985,"Cardiff Arms Park Cardiff, Wales"
1073,15,Wales,23 - 9,Ireland,05 Mar 1983,"Millennium Stadium Cardiff, Wales"
1074,16,Wales,9 - 8,Ireland,21 Feb 1981,"Millennium Stadium Cardiff, Wales"
1075,17,Wales,24 - 21,Ireland,03 Feb 1979,"Millennium Stadium Cardiff, Wales"
1076,18,Wales,25 - 9,Ireland,15 Jan 1977,"Millennium Stadium Cardiff, Wales"
1077,19,Wales,32 - 4,Ireland,15 Mar 1975,"Millennium Stadium Cardiff, Wales"
1078,20,Wales,16 - 12,Ireland,10 Mar 1973,"Millennium Stadium Cardiff, Wales"
1079,21,Wales,23 - 9,Ireland,13 Mar 1971,"Millennium Stadium Cardiff, Wales"
1080,22,Wales,24 - 11,Ireland,08 Mar 1969,"Millennium Stadium Cardiff, Wales"
1081,23,Wales,0 - 3,Ireland,11 Mar 1967,"Millennium Stadium Cardiff, Wales"
1082,24,Wales,14 - 8,Ireland,13 Mar 1965,"Millennium Stadium Cardiff, Wales"
1083,25,Wales,6 - 14,Ireland,09 Mar 1963,"Millennium Stadium Cardiff, Wales"
1084,26,Wales,9 - 0,Ireland,11 Mar 1961,"Millennium Stadium Cardiff, Wales"
1085,27,Wales,8 - 6,Ireland,14 Mar 1959,"Millennium Stadium Cardiff, Wales"
1086,28,Wales,6 - 5,Ireland,09 Mar 1957,"Millennium Stadium Cardiff, Wales"
1087,29,Wales,21 - 3,Ireland,12 Mar 1955,"Millennium Stadium Cardiff, Wales"
1088,30,Wales,5 - 3,Ireland,14 Mar 1953,"St Helens Swansea, Wales"
1089,31,Wales,3 - 3,Ireland,10 Mar 1951,"Millennium Stadium Cardiff, Wales"
1090,32,Wales,0 - 5,Ireland,12 Mar 1949,"St Helens Swansea, Wales"
1091,33,Wales,6 - 0,Ireland,29 Mar 1947,"St Helens Swansea, Wales"
1092,34,Wales,11 - 5,Ireland,12 Mar 1938,"St Helens Swansea, Wales"
1093,35,Wales,3 - 0,Ireland,14 Mar 1936,"Millennium Stadium Cardiff, Wales"
1094,36,Wales,13 - 0,Ireland,10 Mar 1934,"St Helens Swansea, Wales"
1095,37,Wales,10 - 12,Ireland,12 Mar 1932,"Millennium Stadium Cardiff, Wales"
1096,38,Wales,12 - 7,Ireland,08 Mar 1930,"St Helens Swansea, Wales"
1097,39,Wales,10 - 13,Ireland,10 Mar 1928,"Millennium Stadium Cardiff, Wales"
1098,40,Wales,11 - 8,Ireland,13 Mar 1926,"St Helens Swansea, Wales"
1099,41,Wales,10 - 13,Ireland,08 Mar 1924,"Millennium Stadium Cardiff, Wales"
1100,42,Wales,11 - 5,Ireland,11 Mar 1922,"St Helens Swansea, Wales"
1101,43,Wales,28 - 4,Ireland,13 Mar 1920,"Millennium Stadium Cardiff, Wales"
1102,44,Wales,16 - 13,Ireland,08 Mar 1913,"St Helens Swansea, Wales"
1103,45,Wales,16 - 0,Ireland,11 Mar 1911,"Millennium Stadium Cardiff, Wales"
1104,46,Wales,18 - 5,Ireland,13 Mar 1909,"St Helens Swansea, Wales"
1105,47,Wales,29 - 0,Ireland,09 Mar 1907,"Cardiff Arms Park Cardiff, Wales"
1106,48,Wales,10 - 3,Ireland,11 Mar 1905,"St Helens Swansea, Wales"
1107,49,Wales,18 - 0,Ireland,14 Mar 1903,"Cardiff Arms Park Cardiff, Wales"
1108,50,Wales,10 - 9,Ireland,16 Mar 1901,"St Helens Swansea, Wales"
1109,51,Wales,0 - 3,Ireland,18 Mar 1899,"Cardiff Arms Park Cardiff, Wales"
1110,52,Wales,5 - 3,Ireland,16 Mar 1895,"Cardiff Arms Park Cardiff, Wales"
1111,53,Wales,2 - 0,Ireland,11 Mar 1893,"Stradey Park Llanelli, Wales"
1112,54,Wales,6 - 4,Ireland,07 Mar 1891,"Stradey Park Llanelli, Wales"
1113,55,Wales,0 - 2,Ireland,02 Mar 1889,"St Helens Swansea, Wales"
1114,56,Wales,5 - 0,Ireland,12 Apr 1884,"Cardiff Arms Park Cardiff, Wales"
1115,57,Wales,23 - 16,Ireland,14 Mar 2015,
1116,58,Wales,21 - 35,Ireland,08 Aug 2015,
1117,59,Wales,22 - 9,Ireland,10 Mar 2017,
1118,60,Ireland,26 - 3,Wales,08 Feb 2014,"Aviva Stadium Dublin, Ireland"
1119,61,Ireland,21 - 23,Wales,05 Feb 2012,"Aviva Stadium Dublin, Ireland"
1120,62,Ireland,10 - 22,Wales,08 Oct 2011,"Athletic Park Wellington, New Zealand"
1121,63,Ireland,27 - 12,Wales,13 Mar 2010,"Croke Park Dublin, Ireland"
1122,64,Ireland,12 - 16,Wales,08 Mar 2008,"Croke Park Dublin, Ireland"
1123,65,Ireland,31 - 5,Wales,26 Feb 2006,"Lansdowne Road Dublin, Ireland"
1124,66,Ireland,36 - 15,Wales,22 Feb 2004,"Lansdowne Road Dublin, Ireland"
1125,67,Ireland,35 - 12,Wales,16 Aug 2003,"Lansdowne Road Dublin, Ireland"
1126,68,Ireland,54 - 10,Wales,03 Feb 2002,"Lansdowne Road Dublin, Ireland"
1127,69,Ireland,19 - 23,Wales,01 Apr 2000,"Lansdowne Road Dublin, Ireland"
1128,70,Ireland,21 - 30,Wales,21 Mar 1998,"Lansdowne Road Dublin, Ireland"
1129,71,Ireland,30 - 17,Wales,02 Mar 1996,"Lansdowne Road Dublin, Ireland"
1130,72,Ireland,24 - 23,Wales,04 Jun 1995,"Ellis Park Johannesburg, South Africa"
1131,73,Ireland,15 - 17,Wales,05 Feb 1994,"Lansdowne Road Dublin, Ireland"
1132,74,Ireland,15 - 16,Wales,18 Jan 1992,"Lansdowne Road Dublin, Ireland"
1133,75,Ireland,14 - 8,Wales,24 Mar 1990,"Lansdowne Road Dublin, Ireland"
1134,76,Ireland,9 - 12,Wales,05 Mar 1988,"Lansdowne Road Dublin, Ireland"
1135,77,Ireland,6 - 13,Wales,25 May 1987,"Athletic Park Wellington, New Zealand"
1136,78,Ireland,12 - 19,Wales,15 Feb 1986,"Lansdowne Road Dublin, Ireland"
1137,79,Ireland,9 - 18,Wales,04 Feb 1984,"Lansdowne Road Dublin, Ireland"
1138,80,Ireland,20 - 12,Wales,23 Jan 1982,"Lansdowne Road Dublin, Ireland"
1139,81,Ireland,21 - 7,Wales,15 Mar 1980,"Lansdowne Road Dublin, Ireland"
1140,82,Ireland,16 - 20,Wales,04 Mar 1978,"Lansdowne Road Dublin, Ireland"
1141,83,Ireland,9 - 34,Wales,21 Feb 1976,"Lansdowne Road Dublin, Ireland"
1142,84,Ireland,9 - 9,Wales,02 Feb 1974,"Lansdowne Road Dublin, Ireland"
1143,85,Ireland,14 - 0,Wales,14 Mar 1970,"Lansdowne Road Dublin, Ireland"
1144,86,Ireland,9 - 6,Wales,09 Mar 1968,"Lansdowne Road Dublin, Ireland"
1145,87,Ireland,9 - 6,Wales,12 Mar 1966,"Lansdowne Road Dublin, Ireland"
1146,88,Ireland,6 - 15,Wales,07 Mar 1964,"Lansdowne Road Dublin, Ireland"
1147,89,Ireland,3 - 3,Wales,17 Nov 1962,"Lansdowne Road Dublin, Ireland"
1148,90,Ireland,9 - 10,Wales,12 Mar 1960,"Lansdowne Road Dublin, Ireland"
1149,91,Ireland,6 - 9,Wales,15 Mar 1958,"Lansdowne Road Dublin, Ireland"
1150,92,Ireland,11 - 3,Wales,10 Mar 1956,"Lansdowne Road Dublin, Ireland"
1151,93,Ireland,9 - 12,Wales,13 Mar 1954,"Lansdowne Road Dublin, Ireland"
1152,94,Ireland,3 - 14,Wales,08 Mar 1952,"Lansdowne Road Dublin, Ireland"
1153,95,Ireland,3 - 6,Wales,11 Mar 1950,"Ravenhill Belfast, Ireland"
1154,96,Ireland,6 - 3,Wales,13 Mar 1948,"Ravenhill Belfast, Ireland"
1155,97,Ireland,0 - 7,Wales,11 Mar 1939,"Ravenhill Belfast, Ireland"
1156,98,Ireland,5 - 3,Wales,03 Apr 1937,"Ravenhill Belfast, Ireland"
1157,99,Ireland,9 - 3,Wales,09 Mar 1935,"Ravenhill Belfast, Ireland"
1158,100,Ireland,10 - 5,Wales,11 Mar 1933,"Ravenhill Belfast, Ireland"
1159,101,Ireland,3 - 15,Wales,14 Mar 1931,"Ravenhill Belfast, Ireland"
1160,102,Ireland,5 - 5,Wales,09 Mar 1929,"Ravenhill Belfast, Ireland"
1161,103,Ireland,19 - 9,Wales,12 Mar 1927,"Lansdowne Road Dublin, Ireland"
1162,104,Ireland,19 - 3,Wales,14 Mar 1925,"Ravenhill Belfast, Ireland"
1163,105,Ireland,5 - 4,Wales,10 Mar 1923,"Lansdowne Road Dublin, Ireland"
1164,106,Ireland,0 - 6,Wales,12 Mar 1921,"Balmoral Showground Belfast, Ireland"
1165,107,Ireland,3 - 11,Wales,14 Mar 1914,"Balmoral Showground Belfast, Ireland"
1166,108,Ireland,12 - 5,Wales,09 Mar 1912,"Balmoral Showground Belfast, Ireland"
1167,109,Ireland,3 - 19,Wales,12 Mar 1910,"Lansdowne Road Dublin, Ireland"
1168,110,Ireland,5 - 11,Wales,14 Mar 1908,"Balmoral Showground Belfast, Ireland"
1169,111,Ireland,11 - 6,Wales,10 Mar 1906,"Balmoral Showground Belfast, Ireland"
1170,112,Ireland,14 - 12,Wales,12 Mar 1904,"Balmoral Showground Belfast, Ireland"
1171,113,Ireland,0 - 15,Wales,08 Mar 1902,"Lansdowne Road Dublin, Ireland"
1172,114,Ireland,0 - 3,Wales,17 Mar 1900,"Balmoral Showground Belfast, Ireland"
1173,115,Ireland,3 - 11,Wales,19 Mar 1898,"Thomond Park Limerick, Ireland"
1174,116,Ireland,8 - 4,Wales,14 Mar 1896,"Lansdowne Road Dublin, Ireland"
1175,117,Ireland,3 - 0,Wales,19 Mar 1894,"Ballynafeigh Belfast, Ireland"
1176,118,Ireland,9 - 0,Wales,05 Mar 1892,"Lansdowne Road Dublin, Ireland"
1177,119,Ireland,3 - 3,Wales,01 Mar 1890,"Lansdowne Road Dublin, Ireland"
1178,120,Ireland,7 - 0,Wales,03 Mar 1888,"Lansdowne Road Dublin, Ireland"
1179,121,Ireland,3 - 4,Wales,12 Mar 1887,"Birkenhead Park Birkenhead, England"
1180,122,Ireland,0 - 8,Wales,28 Jan 1882,"Lansdowne Road Dublin, Ireland"
1181,123,Ireland,10 - 16,Wales,29 Aug 2015,
1182,124,Ireland,16 - 16,Wales,07 Feb 2016,
1183,125,Ireland,37 - 27,Wales,24 Feb 2018,
1184,1,Wales,27 - 13,Scotland,12 Feb 2012,"Millennium Stadium Cardiff, Wales"
1185,2,Wales,31 - 24,Scotland,13 Feb 2010,"Millennium Stadium Cardiff, Wales"
1186,3,Wales,30 - 15,Scotland,09 Feb 2008,"Millennium Stadium Cardiff, Wales"
1187,4,Wales,28 - 18,Scotland,12 Feb 2006,"Millennium Stadium Cardiff, Wales"
1188,5,Wales,23 - 10,Scotland,14 Feb 2004,"Millennium Stadium Cardiff, Wales"
1189,6,Wales,23 - 9,Scotland,30 Aug 2003,"Millennium Stadium Cardiff, Wales"
1190,7,Wales,22 - 27,Scotland,06 Apr 2002,"Millennium Stadium Cardiff, Wales"
1191,8,Wales,26 - 18,Scotland,18 Mar 2000,"Millennium Stadium Cardiff, Wales"
1192,9,Wales,14 - 16,Scotland,17 Feb 1996,"Millennium Stadium Cardiff, Wales"
1193,10,Wales,29 - 6,Scotland,15 Jan 1994,"Millennium Stadium Cardiff, Wales"
1194,11,Wales,15 - 12,Scotland,21 Mar 1992,"Millennium Stadium Cardiff, Wales"
1195,12,Wales,9 - 13,Scotland,03 Mar 1990,"Millennium Stadium Cardiff, Wales"
1196,13,Wales,25 - 20,Scotland,20 Feb 1988,"Millennium Stadium Cardiff, Wales"
1197,14,Wales,22 - 15,Scotland,01 Feb 1986,"Millennium Stadium Cardiff, Wales"
1198,15,Wales,9 - 15,Scotland,21 Jan 1984,"Millennium Stadium Cardiff, Wales"
1199,16,Wales,18 - 34,Scotland,20 Mar 1982,"Millennium Stadium Cardiff, Wales"
1200,17,Wales,17 - 6,Scotland,01 Mar 1980,"Millennium Stadium Cardiff, Wales"
1201,18,Wales,22 - 14,Scotland,18 Feb 1978,"Millennium Stadium Cardiff, Wales"
1202,19,Wales,28 - 6,Scotland,07 Feb 1976,"Millennium Stadium Cardiff, Wales"
1203,20,Wales,6 - 0,Scotland,19 Jan 1974,"Millennium Stadium Cardiff, Wales"
1204,21,Wales,35 - 12,Scotland,05 Feb 1972,"Millennium Stadium Cardiff, Wales"
1205,22,Wales,18 - 9,Scotland,07 Feb 1970,"Millennium Stadium Cardiff, Wales"
1206,23,Wales,5 - 0,Scotland,03 Feb 1968,"Millennium Stadium Cardiff, Wales"
1207,24,Wales,8 - 3,Scotland,05 Feb 1966,"Millennium Stadium Cardiff, Wales"
1208,25,Wales,11 - 3,Scotland,01 Feb 1964,"Millennium Stadium Cardiff, Wales"
1209,26,Wales,3 - 8,Scotland,03 Feb 1962,"Millennium Stadium Cardiff, Wales"
1210,27,Wales,8 - 0,Scotland,06 Feb 1960,"Millennium Stadium Cardiff, Wales"
1211,28,Wales,8 - 3,Scotland,01 Feb 1958,"Millennium Stadium Cardiff, Wales"
1212,29,Wales,9 - 3,Scotland,04 Feb 1956,"Millennium Stadium Cardiff, Wales"
1213,30,Wales,15 - 3,Scotland,10 Apr 1954,"St Helens Swansea, Wales"
1214,31,Wales,11 - 0,Scotland,02 Feb 1952,"Millennium Stadium Cardiff, Wales"
1215,32,Wales,12 - 0,Scotland,04 Feb 1950,"St Helens Swansea, Wales"
1216,33,Wales,14 - 0,Scotland,07 Feb 1948,"Cardiff Arms Park Cardiff, Wales"
1217,34,Wales,11 - 3,Scotland,04 Feb 1939,"Millennium Stadium Cardiff, Wales"
1218,35,Wales,6 - 13,Scotland,06 Feb 1937,"St Helens Swansea, Wales"
1219,36,Wales,10 - 6,Scotland,02 Feb 1935,"Millennium Stadium Cardiff, Wales"
1220,37,Wales,3 - 11,Scotland,04 Feb 1933,"St Helens Swansea, Wales"
1221,38,Wales,13 - 8,Scotland,07 Feb 1931,"Millennium Stadium Cardiff, Wales"
1222,39,Wales,14 - 7,Scotland,02 Feb 1929,"St Helens Swansea, Wales"
1223,40,Wales,0 - 5,Scotland,05 Feb 1927,"Millennium Stadium Cardiff, Wales"
1224,41,Wales,14 - 24,Scotland,07 Feb 1925,"St Helens Swansea, Wales"
1225,42,Wales,8 - 11,Scotland,03 Feb 1923,"Millennium Stadium Cardiff, Wales"
1226,43,Wales,8 - 14,Scotland,05 Feb 1921,"St Helens Swansea, Wales"
1227,44,Wales,24 - 5,Scotland,07 Feb 1914,"Millennium Stadium Cardiff, Wales"
1228,45,Wales,21 - 6,Scotland,03 Feb 1912,"St Helens Swansea, Wales"
1229,46,Wales,14 - 0,Scotland,05 Feb 1910,"Cardiff Arms Park Cardiff, Wales"
1230,47,Wales,6 - 5,Scotland,01 Feb 1908,"St Helens Swansea, Wales"
1231,48,Wales,9 - 3,Scotland,03 Feb 1906,"Cardiff Arms Park Cardiff, Wales"
1232,49,Wales,21 - 3,Scotland,06 Feb 1904,"St Helens Swansea, Wales"
1233,50,Wales,14 - 5,Scotland,01 Feb 1902,"Cardiff Arms Park Cardiff, Wales"
1234,51,Wales,12 - 3,Scotland,27 Jan 1900,"St Helens Swansea, Wales"
1235,52,Wales,6 - 0,Scotland,25 Jan 1896,"Cardiff Arms Park Cardiff, Wales"
1236,53,Wales,7 - 0,Scotland,03 Feb 1894,"Rodney Parade Newport, Wales"
1237,54,Wales,2 - 7,Scotland,06 Feb 1892,"St Helens Swansea, Wales"
1238,55,Wales,2 - 8,Scotland,01 Feb 1890,"Millennium Stadium Cardiff, Wales"
1239,56,Wales,1 - 0,Scotland,04 Feb 1888,"Rodney Parade Newport, Wales"
1240,57,Wales,0 - 7,Scotland,09 Jan 1886,"Cardiff Arms Park Cardiff, Wales"
1241,58,Wales,0 - 4,Scotland,12 Jan 1884,"Rodney Parade Newport, Wales"
1242,59,Wales,27 - 23,Scotland,13 Feb 2016,
1243,60,Wales,34 - 7,Scotland,03 Feb 2018,
1244,61,Wales,21 - 10,Scotland,03 Nov 2018,
1245,62,Scotland,18 - 28,Wales,09 Mar 2013,"Murrayfield Edinburgh, Scotland"
1246,63,Scotland,6 - 24,Wales,12 Feb 2011,"Murrayfield Edinburgh, Scotland"
1247,64,Scotland,13 - 26,Wales,08 Feb 2009,"Murrayfield Edinburgh, Scotland"
1248,65,Scotland,21 - 9,Wales,10 Feb 2007,"Murrayfield Edinburgh, Scotland"
1249,66,Scotland,22 - 46,Wales,13 Mar 2005,"Murrayfield Edinburgh, Scotland"
1250,67,Scotland,30 - 22,Wales,08 Mar 2003,"Murrayfield Edinburgh, Scotland"
1251,68,Scotland,28 - 28,Wales,17 Feb 2001,"Murrayfield Edinburgh, Scotland"
1252,69,Scotland,33 - 20,Wales,06 Feb 1999,"Murrayfield Edinburgh, Scotland"
1253,70,Scotland,13 - 19,Wales,07 Mar 1998,"Wembley Stadium London, England"
1254,71,Scotland,19 - 34,Wales,18 Jan 1997,"Murrayfield Edinburgh, Scotland"
1255,72,Scotland,26 - 13,Wales,04 Mar 1995,"Murrayfield Edinburgh, Scotland"
1256,73,Scotland,20 - 0,Wales,20 Feb 1993,"Murrayfield Edinburgh, Scotland"
1257,74,Scotland,32 - 12,Wales,02 Feb 1991,"Murrayfield Edinburgh, Scotland"
1258,75,Scotland,23 - 7,Wales,21 Jan 1989,"Murrayfield Edinburgh, Scotland"
1259,76,Scotland,21 - 15,Wales,21 Mar 1987,"Murrayfield Edinburgh, Scotland"
1260,77,Scotland,21 - 25,Wales,02 Mar 1985,"Murrayfield Edinburgh, Scotland"
1261,78,Scotland,15 - 19,Wales,19 Feb 1983,"Murrayfield Edinburgh, Scotland"
1262,79,Scotland,15 - 6,Wales,07 Feb 1981,"Murrayfield Edinburgh, Scotland"
1263,80,Scotland,13 - 19,Wales,20 Jan 1979,"Murrayfield Edinburgh, Scotland"
1264,81,Scotland,9 - 18,Wales,19 Mar 1977,"Murrayfield Edinburgh, Scotland"
1265,82,Scotland,12 - 10,Wales,01 Mar 1975,"Murrayfield Edinburgh, Scotland"
1266,83,Scotland,10 - 9,Wales,03 Feb 1973,"Murrayfield Edinburgh, Scotland"
1267,84,Scotland,18 - 19,Wales,06 Feb 1971,"Murrayfield Edinburgh, Scotland"
1268,85,Scotland,3 - 17,Wales,01 Feb 1969,"Murrayfield Edinburgh, Scotland"
1269,86,Scotland,11 - 5,Wales,04 Feb 1967,"Murrayfield Edinburgh, Scotland"
1270,87,Scotland,12 - 14,Wales,06 Feb 1965,"Murrayfield Edinburgh, Scotland"
1271,88,Scotland,0 - 6,Wales,02 Feb 1963,"Murrayfield Edinburgh, Scotland"
1272,89,Scotland,3 - 0,Wales,11 Feb 1961,"Murrayfield Edinburgh, Scotland"
1273,90,Scotland,6 - 5,Wales,07 Feb 1959,"Murrayfield Edinburgh, Scotland"
1274,91,Scotland,9 - 6,Wales,02 Feb 1957,"Murrayfield Edinburgh, Scotland"
1275,92,Scotland,14 - 8,Wales,05 Feb 1955,"Murrayfield Edinburgh, Scotland"
1276,93,Scotland,0 - 12,Wales,07 Feb 1953,"Murrayfield Edinburgh, Scotland"
1277,94,Scotland,19 - 0,Wales,03 Feb 1951,"Murrayfield Edinburgh, Scotland"
1278,95,Scotland,6 - 5,Wales,05 Feb 1949,"Murrayfield Edinburgh, Scotland"
1279,96,Scotland,8 - 22,Wales,01 Feb 1947,"Murrayfield Edinburgh, Scotland"
1280,97,Scotland,8 - 6,Wales,05 Feb 1938,"Murrayfield Edinburgh, Scotland"
1281,98,Scotland,3 - 13,Wales,01 Feb 1936,"Murrayfield Edinburgh, Scotland"
1282,99,Scotland,6 - 13,Wales,03 Feb 1934,"Murrayfield Edinburgh, Scotland"
1283,100,Scotland,0 - 6,Wales,06 Feb 1932,"Murrayfield Edinburgh, Scotland"
1284,101,Scotland,12 - 9,Wales,01 Feb 1930,"Murrayfield Edinburgh, Scotland"
1285,102,Scotland,0 - 13,Wales,04 Feb 1928,"Murrayfield Edinburgh, Scotland"
1286,103,Scotland,8 - 5,Wales,06 Feb 1926,"Murrayfield Edinburgh, Scotland"
1287,104,Scotland,35 - 10,Wales,02 Feb 1924,"Inverleith Edinburgh, Scotland"
1288,105,Scotland,9 - 9,Wales,04 Feb 1922,"Inverleith Edinburgh, Scotland"
1289,106,Scotland,9 - 5,Wales,07 Feb 1920,"Inverleith Edinburgh, Scotland"
1290,107,Scotland,0 - 8,Wales,01 Feb 1913,"Inverleith Edinburgh, Scotland"
1291,108,Scotland,10 - 32,Wales,04 Feb 1911,"Inverleith Edinburgh, Scotland"
1292,109,Scotland,3 - 5,Wales,06 Feb 1909,"Inverleith Edinburgh, Scotland"
1293,110,Scotland,6 - 3,Wales,02 Feb 1907,"Inverleith Edinburgh, Scotland"
1294,111,Scotland,3 - 6,Wales,04 Feb 1905,"Inverleith Edinburgh, Scotland"
1295,112,Scotland,6 - 0,Wales,07 Feb 1903,"Inverleith Edinburgh, Scotland"
1296,113,Scotland,18 - 8,Wales,09 Feb 1901,"Inverleith Edinburgh, Scotland"
1297,114,Scotland,21 - 10,Wales,04 Mar 1899,"Inverleith Edinburgh, Scotland"
1298,115,Scotland,5 - 4,Wales,26 Jan 1895,"Raeburn Place Edinburgh, Scotland"
1299,116,Scotland,0 - 9,Wales,04 Feb 1893,"Raeburn Place Edinburgh, Scotland"
1300,117,Scotland,15 - 0,Wales,07 Feb 1891,"Raeburn Place Edinburgh, Scotland"
1301,118,Scotland,2 - 0,Wales,02 Feb 1889,"Raeburn Place Edinburgh, Scotland"
1302,119,Scotland,20 - 0,Wales,26 Feb 1887,"Raeburn Place Edinburgh, Scotland"
1303,120,Scotland,0 - 0,Wales,10 Jan 1885,"Hamilton Crescent Glasgow, Scotland"
1304,121,Scotland,9 - 3,Wales,08 Jan 1883,"Raeburn Place Edinburgh, Scotland"
1305,122,Scotland,23 - 26,Wales,15 Feb 2015,
1306,123,Scotland,29 - 13,Wales,25 Feb 2017,
